{"cpu_time": 0.0, "wallclock_time": 0.001997232437133789, "evaluations": 0, "cost": 2147483648, "incumbent": ["p_0='0.11001052380188425'", "p_1='0.44673323392408726'", "p_2='0.12224554801753751'", "p_3='-0.8469864626236021'", "p_4='-0.3133347549434071'"], "origin": "Random initial design."}
{"cpu_time": 212.60919547080994, "wallclock_time": 212.64509868621826, "evaluations": 1, "cost": 0.0, "incumbent": ["p_0='0.11001052380188425'", "p_1='0.44673323392408726'", "p_2='0.12224554801753751'", "p_3='-0.8469864626236021'", "p_4='-0.3133347549434071'"], "origin": "Random initial design."}
{"cpu_time": 907.7147765159607, "wallclock_time": 908.0755786895752, "evaluations": 13, "cost": -5.514588620927599e-06, "incumbent": ["p_0='0.1603670719093231'", "p_1='0.4041071441583248'", "p_2='-0.4715916088008678'", "p_3='-0.5885843007951008'", "p_4='0.6014255684750462'"], "origin": "Random Search"}
{"cpu_time": 5616.601553916931, "wallclock_time": 5623.997952461243, "evaluations": 82, "cost": -4.215370369642915e-05, "incumbent": ["p_0='-0.5087818000621134'", "p_1='-0.2979546320117056'", "p_2='-0.5089459963166361'", "p_3='-0.9734636317961773'", "p_4='0.16420886449657157'"], "origin": "Local Search"}
{"cpu_time": 9613.635064840317, "wallclock_time": 9624.62003993988, "evaluations": 147, "cost": -3.0228146927799384e-05, "incumbent": ["p_0='0.13781446963080946'", "p_1='-0.8031755437392805'", "p_2='-0.5801013574786718'", "p_3='-0.9448163290342237'", "p_4='0.28623121244132554'"], "origin": "Random Search"}
{"cpu_time": 11266.350975036621, "wallclock_time": 11279.400436878204, "evaluations": 180, "cost": -0.0023134355509498634, "incumbent": ["p_0='0.8161140905558288'", "p_1='0.48385423655089066'", "p_2='0.6025644577253715'", "p_3='-0.3737521871821059'", "p_4='0.8779037981197748'"], "origin": "Random Search"}
{"cpu_time": 53801.687156915665, "wallclock_time": 53840.273990154266, "evaluations": 749, "cost": -0.0021638959943178953, "incumbent": ["p_0='0.8166732733242779'", "p_1='0.5654620254808052'", "p_2='0.3847837979982178'", "p_3='-0.9252259761101559'", "p_4='0.8950324651269663'"], "origin": "Local Search"}
{"cpu_time": 59850.835532188416, "wallclock_time": 59890.807545900345, "evaluations": 815, "cost": -0.003192605472993383, "incumbent": ["p_0='0.8161140905558288'", "p_1='0.4856329007659905'", "p_2='0.5390710092091704'", "p_3='-0.9195509995382286'", "p_4='0.8955040707049247'"], "origin": "Local Search"}
