{"Average costs LTO": [30468.781940419773, 19731.963369603698, 12431.67091615441, 6480.847990002014, 3800.1172216350515, 1705.299792880048, 714.3960009808189, 363.6971567830551, 241.21526988088382, 192.20737653705328, 128.39849222018384, 121.92916115403425, 119.30750342562915, 117.40468934272265, 115.32490830118132, 114.09135424088518, 112.07766183478084, 110.01523551980166, 107.19289237858166, 105.87234531929505, 105.39857368388563, 104.18755071935182, 103.06045923827182, 101.68347051190781, 100.52215700271087, 99.67379087812292, 98.61677955648801, 97.84790053823967, 97.17092822001842, 96.41806525101761, 95.6857353467168, 95.3341264106395, 94.73463163134895, 94.14937489323815, 93.61253785431246, 92.78922926145617, 92.37250151099174, 91.95545576147104, 91.62632405243721, 91.2795246369826, 90.71342613767631, 90.23249772442573, 89.97125518963524, 89.71409834166269, 89.36994416911556, 89.14605689038166, 88.86814692330145, 88.80536228248886, 88.53112966169746, 88.43069637611394], "Sigma LTO": [0.5, 0.30236363410949707, 0.31334115505218507, 0.3161760759353638, 0.31982550024986267, 0.3197219669818878, 0.3202075028419495, 0.3227140641212463, 0.3250514471530914, 0.3270343255996704, 0.3289278519153595, 0.32976481080055237, 0.33057088136672974, 0.33035027384758, 0.33075162410736086, 0.3298540639877319, 0.3287666928768158, 0.3261219763755798, 0.32372889161109925, 0.3204986417293549, 0.3156235933303833, 0.31106183290481565, 0.3070059823989868, 0.30101109147071836, 0.29655941963195803, 0.2914140224456787, 0.2845629584789276, 0.27839439511299136, 0.27181428790092466, 0.2651848804950714, 0.26397539615631105, 0.26270942330360414, 0.2611535346508026, 0.2603831458091736, 0.2586420750617981, 0.25708560228347777, 0.25645060420036314, 0.2548220705986023, 0.255360027551651, 0.254189088344574, 0.2520629835128784, 0.2505581539869308, 0.2506818926334381, 0.2501263427734375, 0.24923027873039247, 0.2482192713022232, 0.24728317499160768, 0.24616422593593598, 0.24565715193748475, 0.24491265058517456], "Std costs LTO": [12009.339845879069, 7723.593583209505, 6492.4740578980045, 4105.431131016446, 2852.9702576796135, 2079.5705916926013, 1058.39281655418, 514.6377507523725, 346.55971891802693, 226.8815057577983, 23.460842491596914, 10.516123179355327, 9.727515058491372, 9.977102139496147, 9.95974032906465, 10.250880929600084, 9.253475487951777, 8.613024563456118, 8.110110376488509, 8.205448001513407, 8.183341161490343, 8.014625067675121, 7.463124877590471, 6.023143033826566, 5.6456009137376695, 5.330193756934455, 5.189861877767253, 5.141664586021923, 4.944427764161946, 4.496563824741378, 4.333744717407559, 4.11956556773892, 3.6289540999282925, 3.612252605229025, 3.148200859757426, 2.7971256227880676, 2.9362489455325336, 2.9795597602142703, 2.9085303638774054, 2.811833699255079, 2.6817118946395855, 2.319396948331851, 2.203516556545893, 2.252051858102462, 2.4776636160634946, 2.3506395310460744, 2.17883927103669, 2.163060354595018, 2.036862480934413, 1.9591269326736573], "Std Sigma LTO": [0.0, 0.0, 0.002372577667656273, 0.00145750078743781, 0.0011779848379552694, 0.0010029354718848122, 0.0011957419598376169, 0.001315235671937145, 0.0012682548271603672, 0.001480047080872125, 0.0010850958862678433, 0.0012786217000739198, 0.0015338896522379473, 0.0017500822899818823, 0.00147842200502508, 0.0012537403453187844, 0.0010124591578185315, 0.0016288648695813497, 0.0014267531755782438, 0.0014444589702014808, 0.00198557733089202, 0.001598529038860668, 0.0021432471379753733, 0.0019036461484909072, 0.0014633272534180257, 0.0017619540624757026, 0.0020992749211206302, 0.0017778140065741255, 0.0018707744514842135, 0.0018467597955110632, 0.0021135199667401956, 0.0021744133328298445, 0.0021736632191578, 0.0017411364218789392, 0.0016254718959624087, 0.0016771974441990064, 0.002346757385184136, 0.00233038695387605, 0.0020035332310734655, 0.002424554279972749, 0.002365845096589013, 0.0015382962506942383, 0.002160814173343993, 0.001972943937860366, 0.0017698302123112227, 0.0018434453939083076, 0.0020352055444643625, 0.001951928387858822, 0.0019342835373041321, 0.002001855489610838], "End values LTO": [86.72366027105458, 86.91819005411492, 89.43508748242041, 86.20869527236212, 87.10003219333171, 86.56678300849379, 89.69811671519852, 87.35528974532778, 86.9375086117162, 86.38057289017978, 90.04930434450185, 93.36037871721348, 88.02291476843239, 86.78313519229926, 88.19627371307317, 90.00870943507222, 88.62136889281562, 93.10196844735177, 88.94626216316593, 86.30788171527243, 90.25131557711346, 86.56760697407614, 87.91552975090043, 90.47352860667331, 88.837294860687]}