{"Average costs LTO": [456.0313406658744, 414.465044936502, 382.1510362943368, 348.7189031978241, 314.2140471403426, 287.0407309847983, 255.3781625884264, 232.40586540105141, 213.42953482635505, 199.0502437577011, 187.14126512714475, 179.89754611134572, 165.67489771853067, 156.22216605866882, 152.6672893339286, 145.86975827463147, 142.42144097186895, 138.8349796491994, 137.76364238746376, 131.96312827720215, 131.02636637934597, 129.51554387930847, 127.36959498855205, 124.37383599934988, 121.44201711763345, 118.32802336549044, 115.99674549294265, 113.96188546924098, 112.6323424805584, 110.57812125617453, 110.57812125617453, 109.08093683959713, 107.54217231760359, 106.93166623342404, 105.09782394577218, 104.41873701367908, 102.90878280755408, 102.39068569603504, 100.09947307222934, 100.09947307222934, 98.18891830857872, 98.18891830857872, 97.01607848711929, 96.39180901221131, 96.30299614124372, 95.85804390945916, 94.09816002221292, 93.57808171717944, 93.39391948008499, 92.32164990217814], "Sigma LTO": [0.5, 0.30236363410949707, 0.3130322229862213, 0.31610532879829406, 0.3198030972480774, 0.319572731256485, 0.31975133538246153, 0.3216260957717896, 0.3236061024665833, 0.32558741569519045, 0.32639407634735107, 0.32729436993598937, 0.32791168451309205, 0.32785788893699647, 0.3272470533847809, 0.32628764271736144, 0.3243385994434357, 0.3219762659072876, 0.3191194784641266, 0.31574477434158327, 0.31138569355010987, 0.3071106231212616, 0.30253130435943604, 0.2974242317676544, 0.29228672981262205, 0.2861933505535126, 0.2803069460391998, 0.27342684268951417, 0.2667171323299408, 0.2637058651447296, 0.26298454761505125, 0.2614764440059662, 0.25985600471496584, 0.2591262638568878, 0.2579054653644562, 0.2562332189083099, 0.2549996078014374, 0.25359310150146486, 0.2520712107419968, 0.2510286825895309, 0.24929369986057281, 0.24760045766830444, 0.24792177617549896, 0.2464410448074341, 0.24625980496406555, 0.24598898649215697, 0.24592127323150634, 0.24526979088783263, 0.2450775545835495, 0.24489738345146178], "Std costs LTO": [31.33986532037529, 38.677585869294816, 44.95298554791227, 45.445672366960196, 50.83398873965287, 51.00281543257785, 55.01310543388853, 56.44147109132451, 48.80244516131854, 40.59345350190106, 35.48851283879401, 35.51115299126907, 33.56102308810907, 28.930028481268362, 23.136806138269954, 22.920984867767526, 23.852284162246445, 21.467472678107942, 21.231189173650872, 17.71888558061006, 16.616671127907157, 16.140310851072936, 16.279106161109144, 16.199955363976382, 15.641245754607993, 17.479152296108285, 15.992784114957965, 17.486947670110435, 16.888461455660092, 15.289483940655076, 15.289483940655076, 15.433160192985728, 15.337695108142649, 15.945855885764354, 16.463358147617775, 16.561756464437615, 15.685776674742685, 15.23279758340242, 13.756452595549483, 13.756452595549483, 12.765678517563083, 12.765678517563083, 12.421382112550962, 12.70275478963248, 12.566410402431801, 12.668500292987458, 13.883465516232038, 13.914431693516223, 14.069045902327193, 13.111354177033489], "Std Sigma LTO": [0.0, 0.0, 0.001998773056839148, 0.0013833608332883952, 0.0011285666907305423, 0.000867806246174782, 0.001138101454958588, 0.0009792796945452143, 0.001160011996759495, 0.0010251743528323725, 0.001287333743113308, 0.0014095946715919443, 0.0013432552837749682, 0.0016109356596150795, 0.001606945053910145, 0.0014991661531757886, 0.0013494351386011386, 0.0011515517611224515, 0.0010853770911370916, 0.0015260229463475803, 0.0015473307804500858, 0.0019311918558363153, 0.0015252047365143231, 0.0018061644847020702, 0.0015998893785505346, 0.0016222584683548444, 0.0015183596531591296, 0.0014614861976201539, 0.0013410873347168397, 0.0015586242310999228, 0.0019346301582381649, 0.0018712788971382642, 0.002291892509974185, 0.0018248614297495848, 0.0022108373501066713, 0.002146987706604288, 0.0014579427067945563, 0.0019031212295222838, 0.001690619225988248, 0.0016316420458285484, 0.0016872454830527365, 0.002015452469443792, 0.0019159994690332257, 0.0015162865954741471, 0.0018014204255968598, 0.0017480750899052965, 0.0015464112275357254, 0.0017459320478555196, 0.0019144856407955829, 0.0018379467952522256], "End values LTO": [99.00296336563113, 101.1952194579337, 96.34944488694225, 89.74725882925118, 100.14918257662885, 87.70301662064111, 87.21901319869646, 89.27987947226478, 83.28148172557542, 74.78716837920223, 76.30674388708618, 68.94871507697667, 99.59111046103976, 108.99812270329208, 79.43714734513463, 94.56988952466577, 80.2732252207636, 84.11909187910845, 72.24760411332761, 114.63369180800868, 110.77781718926838, 105.3191528802264, 110.83602653122217, 109.61134745878124, 83.65693296278484]}