{"Average costs LTO": [448.0750834197244, 424.9936774557553, 399.95755906448767, 370.7497314865399, 344.3219647258908, 326.49498271395447, 311.60471820950147, 289.3565143582536, 270.82792046057233, 252.6185111653236, 234.3316241489455, 218.476560593775, 205.52951852049267, 196.44756889833283, 184.38619137471892, 179.45216595249755, 173.20733258009045, 165.6279283330316, 159.08643778684086, 154.53561975376977, 149.06854221217208, 142.69039493796802, 140.95989130945551, 137.96777789889978, 134.44250441266936, 132.03675361579258, 129.29343726942344, 127.02484942775878, 125.49282865825393, 124.24183939914838, 119.64521879943099, 118.63827079070929, 117.2527059163632, 115.8669269147066, 114.4411987723071, 114.33448480454055, 114.33448480454055, 113.19170805074886, 112.78706851177729, 110.34715934078012, 109.38539041718421, 108.8034307940826, 108.28470741004814, 107.12567135695554, 106.36688823590262, 105.77838974056293, 104.58957556502381, 103.63143064403073, 103.26499446074541, 103.22995729877181], "Sigma LTO": [0.5, 0.30236363410949707, 0.3130322229862213, 0.31610532879829406, 0.3198030972480774, 0.319572731256485, 0.31975133538246153, 0.3216260957717896, 0.3236061024665833, 0.32558741569519045, 0.32639407634735107, 0.32729436993598937, 0.32791168451309205, 0.32785788893699647, 0.3272470533847809, 0.32628764271736144, 0.3243385994434357, 0.3219762659072876, 0.3191194784641266, 0.31574477434158327, 0.31138569355010987, 0.3071106231212616, 0.30253130435943604, 0.2974242317676544, 0.29228672981262205, 0.2861933505535126, 0.2803069460391998, 0.27342684268951417, 0.2667171323299408, 0.2637058651447296, 0.26298454761505125, 0.2614764440059662, 0.25985600471496584, 0.2591262638568878, 0.2579054653644562, 0.2562332189083099, 0.2549996078014374, 0.25359310150146486, 0.2520712107419968, 0.2510286825895309, 0.24929369986057281, 0.24760045766830444, 0.24792177617549896, 0.2464410448074341, 0.24625980496406555, 0.24598898649215697, 0.24592127323150634, 0.24526979088783263, 0.2450775545835495, 0.24489738345146178], "Std costs LTO": [27.16168430895935, 23.609175636124665, 31.515236301092667, 31.491162112724112, 35.51868416943938, 33.03446450805108, 40.204686626586025, 33.995480557244406, 34.80374794573717, 40.65050705869785, 41.23053751988291, 39.93058215350504, 38.64748003027075, 39.418255143298346, 38.239315390244954, 35.295902821311635, 36.59141391305705, 34.38788044458706, 32.28854460001464, 30.2273451877543, 32.20411251437854, 28.3961400583609, 26.527513821547018, 28.09025213347237, 26.377530518630984, 24.852067577827285, 24.62886739585407, 25.94646744389919, 25.466498027057277, 25.537129244996763, 25.154105966521172, 24.786318553045618, 23.285714330436573, 22.58862931258932, 21.29529004582317, 21.216405414923567, 21.216405414923567, 20.30866367336699, 20.21314537103553, 21.40873465682552, 20.979666711659995, 21.18110323939816, 21.13146157661877, 21.884312405842486, 21.53262239880324, 21.2726938262251, 20.46394673639081, 19.40143499634376, 19.060775167036425, 19.09340212819733], "Std Sigma LTO": [0.0, 0.0, 0.001998773056839148, 0.0013833608332883952, 0.0011285666907305423, 0.000867806246174782, 0.001138101454958588, 0.0009792796945452143, 0.001160011996759495, 0.0010251743528323725, 0.001287333743113308, 0.0014095946715919443, 0.0013432552837749682, 0.0016109356596150795, 0.001606945053910145, 0.0014991661531757886, 0.0013494351386011386, 0.0011515517611224515, 0.0010853770911370916, 0.0015260229463475803, 0.0015473307804500858, 0.0019311918558363153, 0.0015252047365143231, 0.0018061644847020702, 0.0015998893785505346, 0.0016222584683548444, 0.0015183596531591296, 0.0014614861976201539, 0.0013410873347168397, 0.0015586242310999228, 0.0019346301582381649, 0.0018712788971382642, 0.002291892509974185, 0.0018248614297495848, 0.0022108373501066713, 0.002146987706604288, 0.0014579427067945563, 0.0019031212295222838, 0.001690619225988248, 0.0016316420458285484, 0.0016872454830527365, 0.002015452469443792, 0.0019159994690332257, 0.0015162865954741471, 0.0018014204255968598, 0.0017480750899052965, 0.0015464112275357254, 0.0017459320478555196, 0.0019144856407955829, 0.0018379467952522256], "End values LTO": [77.11878879257965, 101.4215236298874, 134.63018531648683, 126.12832440941024, 112.25076387124585, 106.77857773384947, 104.91930892783071, 94.96054171494075, 104.6481696920766, 72.85362279893222, 66.4296124542198, 94.26812582841865, 118.3985264781605, 98.00283160666241, 115.33028544636079, 97.01230776424515, 90.06115503425806, 85.04473260852099, 94.88864675497719, 117.14039087735108, 73.69199775455088, 107.85537572430133, 122.11270939613988, 143.17173583898239, 121.63069201490617]}