{"Average costs LTO": [46.612240283874684, 45.75376820120792, 45.45449240667941, 44.983657443720055, 44.96138812563807, 44.7360182848636, 44.69968765844853, 44.46228390616403, 44.36454563762554, 44.34317820045416, 44.15682523062041, 44.1508233564049, 44.1508233564049, 44.087210674021044, 44.087210674021044, 44.087210674021044, 44.087210674021044, 44.006844721743576, 44.006844721743576, 44.006844721743576, 43.98897338503573, 43.9706080167895, 43.9706080167895, 43.93588207985369, 43.93588207985369, 43.93588207985369, 43.814031189955394, 43.79532364411849, 43.79532364411849, 43.74690551899435, 43.58750628299665, 43.58750628299665, 43.58750628299665, 43.58265937286462, 43.58265937286462, 43.5112898468604, 43.5112898468604, 43.5112898468604, 43.5112898468604, 43.5112898468604, 43.5112898468604, 43.5112898468604, 43.5112898468604, 43.5112898468604, 43.50723191808108, 43.43161762410089, 43.43161762410089, 43.43161762410089, 43.43161762410089, 43.4100362559675], "Sigma LTO": [0.5, 0.30236363410949707, 0.31448121547698976, 0.3174535286426544, 0.32082742333412173, 0.32084220767021177, 0.32048152923583983, 0.32189814567565916, 0.32360598802566526, 0.32499799370765686, 0.3263090419769287, 0.32657808423042295, 0.3262509799003601, 0.32577948927879335, 0.32466059923171997, 0.3234729182720184, 0.32137116670608523, 0.3189502394199371, 0.31679936170578005, 0.31313292145729066, 0.3101085937023163, 0.30588401317596436, 0.30134539723396303, 0.29697675704956056, 0.29168980598449706, 0.28614292860031126, 0.281491801738739, 0.27498977541923525, 0.2684593892097473, 0.2628238332271576, 0.26122218012809756, 0.2605880689620972, 0.2597059392929077, 0.2582312345504761, 0.2575515604019165, 0.25622233271598815, 0.2547015619277954, 0.2545135998725891, 0.25278313994407653, 0.25107145071029663, 0.24964075565338134, 0.24833090841770172, 0.2485235095024109, 0.24863116443157196, 0.2481310772895813, 0.24819479405879974, 0.24829469084739686, 0.24705520331859587, 0.24687974512577057, 0.2468868100643158], "Std costs LTO": [1.5471958286112542, 0.8832910292378077, 0.8295835290601973, 0.8290996853694954, 0.8073215249466241, 0.8252745881705238, 0.8168382374825485, 0.8041281449394224, 0.7869471423122832, 0.7839226245459079, 0.743873379635395, 0.752872752586909, 0.752872752586909, 0.6424389050626681, 0.6424389050626681, 0.6424389050626681, 0.6424389050626681, 0.6071207670330782, 0.6071207670330782, 0.6071207670330782, 0.5732507892544174, 0.5535766231262872, 0.5535766231262872, 0.5304781816803751, 0.5304781816803751, 0.5304781816803751, 0.6574667312832113, 0.6649797579351439, 0.6649797579351439, 0.6294120652926674, 0.6931810973165237, 0.6931810973165237, 0.6931810973165237, 0.6891920059179567, 0.6891920059179567, 0.6874762012155152, 0.6874762012155152, 0.6874762012155152, 0.6874762012155152, 0.6874762012155152, 0.6874762012155152, 0.6874762012155152, 0.6874762012155152, 0.6874762012155152, 0.6852789105843391, 0.6914397688115643, 0.6914397688115643, 0.6914397688115643, 0.6914397688115643, 0.6936010582419142], "Std Sigma LTO": [0.0, 0.0, 0.001532303826009, 0.001015538467414491, 0.0011895263775137288, 0.0008283458059113078, 0.0013031870538811234, 0.0014091586910893166, 0.0012510092710137333, 0.0013690083426122627, 0.0011649452829835905, 0.001501300382349777, 0.0010680428692478895, 0.0010784517646993956, 0.0014309664256624624, 0.0014195200838006258, 0.0014797254169296415, 0.000991703018132605, 0.0013659686122911507, 0.0013337291483396098, 0.0014321027395139845, 0.0014003563269589811, 0.00163370602756934, 0.001393004532746199, 0.001187364902102989, 0.0016494233287073533, 0.0016630945073768996, 0.0019646821593413185, 0.0016553837848584118, 0.0012417691020445794, 0.0023456663853572424, 0.0023632015241981134, 0.002268213425847902, 0.0020058060062517155, 0.0020109831524561914, 0.002272623677171406, 0.0023429606431234844, 0.0022268217931224817, 0.0020089657036919334, 0.0019928782515973523, 0.0022969636302674263, 0.0023247188828529703, 0.001550341889265602, 0.0019662489142900884, 0.002507640464053986, 0.002446506682675806, 0.0023646158220698788, 0.001993875029787036, 0.0013735512641236576, 0.0017913230756285911], "End values LTO": [44.08565210598933, 42.67140387074347, 42.32257755542848, 42.46434093427001, 43.168207944052426, 43.33102979069158, 44.89304471145247, 43.714174905795346, 44.09335501328306, 44.28643082988619, 43.52191537770226, 43.94084039793635, 43.37854802970813, 43.030508117950845, 41.75532526912966, 43.081706633287055, 43.87970792564863, 43.830197059305455, 43.79847446128046, 42.58953034257251, 42.95666999686513, 44.08609587777467, 43.10995556553606, 43.619899051811345, 43.64131463108649]}