{"Average costs LTO": [-39.97041524317463, -43.365747601682344, -46.66975224662699, -48.329050628353315, -49.73116026018161, -51.192577490303584, -51.877795614669054, -52.796544964604834, -53.41490476613438, -53.88662661205835, -54.440341157638805, -54.649052354025606, -55.066801508584824, -55.41336783325365, -55.67632106568044, -55.96745952529812, -56.123015757614624, -56.2915033082977, -56.47378217370159, -56.54401421895165, -56.7518392989926, -56.85732970827458, -56.953561453455414, -57.07514815081998, -57.1529876135759, -57.2007393681118, -57.259604087403325, -57.375862085626856, -57.42636817993278, -57.46840574177775, -57.49707228766894, -57.55437174763787, -57.607944081660825, -57.63663504861714, -57.65854956608811, -57.69767860243883, -57.707644155894485, -57.73166518897888, -57.74356926206429, -57.75925778566621, -57.76997573130339, -57.77823664043976, -57.78643910065105, -57.79626702036355, -57.81012739939247, -57.81356089155233, -57.82521394700689, -57.83167074444041, -57.841747378400385, -57.84580230856207], "Sigma LTO": [0.5, 0.30236363410949707, 0.3137823879718781, 0.3160294818878174, 0.31896344780921937, 0.3190419006347656, 0.3195282745361328, 0.3217562007904053, 0.3234029483795166, 0.3250827729701996, 0.32591278076171876, 0.3267647993564606, 0.32699384689331057, 0.32647825837135314, 0.3255392837524414, 0.32445940375328064, 0.32256991624832154, 0.31996785521507265, 0.31713006854057313, 0.3135486090183258, 0.3103066158294678, 0.3057324802875519, 0.30021713256835936, 0.2947250783443451, 0.28866267323493955, 0.2829719340801239, 0.2770972990989685, 0.2702300226688385, 0.2649143958091736, 0.26317039370536804, 0.26220988869667056, 0.2605240428447723, 0.2591365587711334, 0.2574920332431793, 0.2560912775993347, 0.2544017231464386, 0.25236563801765444, 0.2511815446615219, 0.24886477530002593, 0.247336967587471, 0.24566243588924408, 0.24344557881355286, 0.24441525518894194, 0.24308421850204467, 0.24256331205368042, 0.24189604103565215, 0.24136234641075135, 0.24108533143997193, 0.24099330604076385, 0.24106996059417723], "Std costs LTO": [3.1563805813067396, 2.867263930832577, 2.585718986349882, 2.803736652853156, 2.8643779547366828, 2.2942329596235456, 2.294750903961499, 2.065758597396999, 1.852206586509322, 1.5333514749476485, 1.2189325352461724, 1.1792617204874105, 1.226963222989243, 1.0815339582235437, 0.8770734638515729, 0.7607023776104678, 0.6881237011843871, 0.6872747091172663, 0.5969369321609819, 0.5581460465156475, 0.4516406017373142, 0.39223130933811606, 0.3708260979297941, 0.41643265151361913, 0.4016976075441829, 0.3956659639080478, 0.38525297109535184, 0.28043228185380414, 0.24654949562289225, 0.23341398504030803, 0.22633345352796674, 0.20089374269827567, 0.1838951374961576, 0.1883423542833385, 0.1902376141886001, 0.10482330512661844, 0.10674417485456317, 0.10281754886884141, 0.09256475294128264, 0.08517692042832044, 0.08336501725543556, 0.08013196134465451, 0.07582434012227551, 0.0748765260448979, 0.05833372597775377, 0.05621624518635655, 0.05456390932702279, 0.04383774190140676, 0.034939076243173856, 0.032082045645099554], "Std Sigma LTO": [0.0, 0.0, 0.001319858847820847, 0.000918485477108639, 0.0011230511815589277, 0.0011191681427230667, 0.0008943882815687455, 0.0012522761747649023, 0.0013654674298935335, 0.001096378167183988, 0.0014905096180220642, 0.0010894480706942103, 0.001408632920325681, 0.001604075517421497, 0.0013573287426464705, 0.0015262995483073065, 0.0011174777046307493, 0.0012440526313669252, 0.0012741504104176067, 0.0011694678511859978, 0.0012208880509131026, 0.0012954227653066543, 0.0018093598316377287, 0.001399831989203288, 0.0018012999353905859, 0.0016064828605582434, 0.0018316926925209273, 0.0013824311523130688, 0.0017388115923018135, 0.002418392393218646, 0.002275516967191063, 0.002338032553628909, 0.002126680001446571, 0.002333874223140272, 0.0021278981040465028, 0.001978959034840162, 0.0019264682114378858, 0.002051495584901757, 0.002146414925378589, 0.002267763508325993, 0.002411371099168468, 0.00181584488397595, 0.0022109838563137345, 0.002193967714750419, 0.001861095811622457, 0.0019903728306623326, 0.0020756052892282155, 0.001989924528643283, 0.0015339690397720284, 0.0018240048128329476], "End values LTO": [-57.83626508226139, -57.83597873912772, -57.8493362728966, -57.86641775880858, -57.859174566782265, -57.83076529679665, -57.869146234190346, -57.87530956715739, -57.849656499449324, -57.85873967665112, -57.804279181171246, -57.858078875493554, -57.857117797009906, -57.85336576222815, -57.85590354106555, -57.85344616602774, -57.83679455750257, -57.879993495006964, -57.868316061662725, -57.871794333020915, -57.834916960658084, -57.81077961542747, -57.71628138552308, -57.849651866455694, -57.8635484216766]}