{"Average costs LTO": [-39.32646879387394, -42.62428927038464, -45.10144067945519, -47.15910962241706, -48.40946784920413, -49.63736095703789, -50.820786055120124, -51.60232812690158, -52.56914937517337, -53.183253338228994, -53.80650561929139, -54.34954094560273, -54.89287398307325, -55.369228274901324, -55.718173095773075, -56.03482418019482, -56.28541814529436, -56.53166537310686, -56.72072610801056, -56.91843716225447, -57.09077453978499, -57.18844554848914, -57.28333912417136, -57.372294222251114, -57.39980999620347, -57.43636387189397, -57.48649502931152, -57.54272215619796, -57.59488491528591, -57.61821602988359, -57.63230602439602, -57.65055538135111, -57.66877454006589, -57.67949608410725, -57.70209657889105, -57.70316943725513, -57.71990688334121, -57.72860278545858, -57.751482937195235, -57.75617467911231, -57.76576900622976, -57.77024977553894, -57.77703703888629, -57.79178832461388, -57.79575507949718, -57.79776119502259, -57.79937089641845, -57.800963231245184, -57.802278151629935, -57.80441906331014], "Sigma LTO": [0.5, 0.30236363410949707, 0.3137823879718781, 0.3160294818878174, 0.31896344780921937, 0.3190419006347656, 0.3195282745361328, 0.3217562007904053, 0.3234029483795166, 0.3250827729701996, 0.32591278076171876, 0.3267647993564606, 0.32699384689331057, 0.32647825837135314, 0.3255392837524414, 0.32445940375328064, 0.32256991624832154, 0.31996785521507265, 0.31713006854057313, 0.3135486090183258, 0.3103066158294678, 0.3057324802875519, 0.30021713256835936, 0.2947250783443451, 0.28866267323493955, 0.2829719340801239, 0.2770972990989685, 0.2702300226688385, 0.2649143958091736, 0.26317039370536804, 0.26220988869667056, 0.2605240428447723, 0.2591365587711334, 0.2574920332431793, 0.2560912775993347, 0.2544017231464386, 0.25236563801765444, 0.2511815446615219, 0.24886477530002593, 0.247336967587471, 0.24566243588924408, 0.24344557881355286, 0.24441525518894194, 0.24308421850204467, 0.24256331205368042, 0.24189604103565215, 0.24136234641075135, 0.24108533143997193, 0.24099330604076385, 0.24106996059417723], "Std costs LTO": [2.4894711045489935, 1.4509492936966113, 1.407988899423163, 1.3152361254943357, 1.1907442813939293, 1.1071212223860785, 1.3359683765159662, 1.0346693611306603, 0.8744544916987588, 1.0704432239664292, 0.9736655578113366, 0.9750351880700096, 0.885510273286491, 0.8426827403549353, 0.8760921808815568, 0.8290845962209451, 0.727072876697063, 0.689632239619472, 0.6293422478207309, 0.5098423555953459, 0.47726338028567816, 0.4301399773561711, 0.4162824942959568, 0.34988895849944207, 0.34130679555932714, 0.3245024113002789, 0.29087141139176154, 0.24955889439730347, 0.1883465957294491, 0.16702578642006433, 0.14965595065808743, 0.14608799556816623, 0.13831914805010628, 0.14120688725214098, 0.1390531738723586, 0.13924859695005617, 0.12176980532392317, 0.10351390446846369, 0.06487381645156333, 0.05764933616652202, 0.047010144681425454, 0.04310257879711994, 0.03470565921139334, 0.03329015618614216, 0.03400379354322063, 0.0322656753971986, 0.0314647559446665, 0.030915498010762328, 0.030459245676745596, 0.028815472477666915], "Std Sigma LTO": [0.0, 0.0, 0.001319858847820847, 0.000918485477108639, 0.0011230511815589277, 0.0011191681427230667, 0.0008943882815687455, 0.0012522761747649023, 0.0013654674298935335, 0.001096378167183988, 0.0014905096180220642, 0.0010894480706942103, 0.001408632920325681, 0.001604075517421497, 0.0013573287426464705, 0.0015262995483073065, 0.0011174777046307493, 0.0012440526313669252, 0.0012741504104176067, 0.0011694678511859978, 0.0012208880509131026, 0.0012954227653066543, 0.0018093598316377287, 0.001399831989203288, 0.0018012999353905859, 0.0016064828605582434, 0.0018316926925209273, 0.0013824311523130688, 0.0017388115923018135, 0.002418392393218646, 0.002275516967191063, 0.002338032553628909, 0.002126680001446571, 0.002333874223140272, 0.0021278981040465028, 0.001978959034840162, 0.0019264682114378858, 0.002051495584901757, 0.002146414925378589, 0.002267763508325993, 0.002411371099168468, 0.00181584488397595, 0.0022109838563137345, 0.002193967714750419, 0.001861095811622457, 0.0019903728306623326, 0.0020756052892282155, 0.001989924528643283, 0.0015339690397720284, 0.0018240048128329476], "End values LTO": [-57.809981925466, -57.788255923834086, -57.69984478168821, -57.80119246947234, -57.83386172974613, -57.84329438943418, -57.79748409642419, -57.81276298805776, -57.80936789499125, -57.77352333836638, -57.800162356857555, -57.8099791918349, -57.80952419121127, -57.81098753616295, -57.81935213728086, -57.82863556564825, -57.78994209674904, -57.797248736408505, -57.78979795174373, -57.77022604133728, -57.84305250744618, -57.79314602700972, -57.80957003875745, -57.83416804082961, -57.835114625995466]}