{"Average costs LTO": [117.55739194973361, 115.5558106091841, 113.76001086094175, 110.59223121451436, 106.71227793091613, 101.94301533254533, 95.81830466969146, 87.25147075071884, 79.99157528408537, 73.27507653271743, 67.93409719531093, 63.829769996031985, 60.49973595549685, 57.3177640655902, 55.165032467217245, 53.12092188715633, 51.922562660603106, 50.87450803351767, 50.00040482806753, 49.356215736869515, 48.79760933156532, 48.36212878782433, 47.89991940734026, 47.54158150391822, 47.36781961268395, 47.124680098392666, 47.00849444960223, 46.82265148508729, 46.73877940680671, 46.69166529064253, 46.61829645594376, 46.51343489589753, 46.48277190513866, 46.45152552198281, 46.406112321178604, 46.36755851251893, 46.350760348104274, 46.323652111527565, 46.31608762719998, 46.301386932066244, 46.27801263241831, 46.273036346966165, 46.25668844340908, 46.2530747851371, 46.246748828630516, 46.24503079430831, 46.23856366235362, 46.2282098225357, 46.227702629643964, 46.22428226116163], "Sigma LTO": [0.5, 0.30236363410949707, 0.3137286138534546, 0.31580899834632875, 0.3190487551689148, 0.3189927685260773, 0.3194777059555054, 0.32161813497543335, 0.3239372146129608, 0.3256030809879303, 0.3272505497932434, 0.32805466890335083, 0.32859032273292543, 0.32830470919609067, 0.32748032569885255, 0.32633452653884887, 0.3242596733570099, 0.32173455238342286, 0.3190242326259613, 0.315600346326828, 0.3112797689437866, 0.3070290148258209, 0.3021950948238373, 0.2971548295021057, 0.2910946297645569, 0.28480867862701414, 0.27860761404037476, 0.27149603962898256, 0.2656087589263916, 0.26252770304679873, 0.26153560876846316, 0.26025830626487734, 0.2587630915641785, 0.25705125331878664, 0.2556911361217499, 0.2538476586341858, 0.25243021368980406, 0.25070412933826447, 0.24921935617923738, 0.24720394909381865, 0.24500671684741973, 0.24290455102920533, 0.24342660665512084, 0.24267371535301208, 0.2421538358926773, 0.2420332044363022, 0.24141279339790345, 0.24159839153289794, 0.24099034786224366, 0.240476513504982], "Std costs LTO": [1.3220735795556011, 1.5131214265221098, 1.9216524617376451, 3.8787916112659016, 5.785837168683492, 7.0083245157556355, 9.554278944951896, 11.825832077266611, 10.299505133435295, 10.270468593540686, 9.71299061618224, 8.209526383608289, 6.498596489518412, 5.266031331290274, 4.423984608596956, 3.887362759768964, 3.9355561878562932, 3.2375193868419725, 3.1572771918617977, 3.2946694140260724, 2.9737174045322337, 2.991720898189755, 2.9863510910920628, 2.9546530568148976, 2.8834351833767915, 2.878334127721428, 2.8580138223673055, 2.7569144836030675, 2.530703753684358, 2.5351660101994344, 2.5488302797196414, 2.483109822327933, 2.489415384438711, 2.4941891752113983, 2.4786336050330404, 2.3935455586000134, 2.3967541072410325, 2.3949238033912597, 2.3965522523245166, 2.3989174856600806, 2.402020442056851, 2.4026804351652093, 2.3729753532033344, 2.3735047917694767, 2.374738573568214, 2.3750943428553946, 2.376163484995001, 2.3404499807112384, 2.3405416051689834, 2.341228257200012], "Std Sigma LTO": [0.0, 0.0, 0.0016088885979024157, 0.0011160107714948788, 0.0008363107494946707, 0.0010479532952367683, 0.0011775568262703795, 0.0010516465198789828, 0.0012087583222761477, 0.0012993820768449973, 0.001289047470043904, 0.001233594251685796, 0.0011901535233914745, 0.0015288542556982166, 0.001179027116464684, 0.0011281929898696765, 0.001253902224171147, 0.0012281121854271226, 0.0010820810621796843, 0.001256544783466314, 0.0016494916225330545, 0.0014146810162947573, 0.0012615063523558937, 0.0015115879511160592, 0.0015050531921370178, 0.0013991638633069643, 0.0017560883274856797, 0.0013087460012615017, 0.001485920905567365, 0.001929312995953763, 0.0018316899580391294, 0.0021038655808401302, 0.0022485357470450403, 0.0018263207035252554, 0.0020556879060128685, 0.0020952299021775073, 0.001924812245491437, 0.001398449300229941, 0.0017366981906327547, 0.0019330554555215369, 0.0014138810086638184, 0.0013379813253863045, 0.0014897236505166283, 0.0017743538033387226, 0.0018636648708788347, 0.0014699238711276337, 0.0012673046985268747, 0.0015731546791752009, 0.0017106011736794226, 0.0014513760286398079], "End values LTO": [45.68449303988348, 45.732618424391276, 45.770392038202175, 45.7436270280526, 45.707808631373354, 45.78089951412271, 45.716570007989745, 45.7630255851079, 45.765552736635534, 45.71275922608098, 45.773916438897096, 45.720361155713185, 45.807265110827714, 45.669503674980824, 45.78507803717745, 57.69248841778771, 45.71329625246328, 45.76129554097346, 45.77461196637158, 45.70934936714246, 45.76256973380424, 45.736668482405975, 45.749385687242665, 45.739890298125, 45.833630133288544]}