{"Average costs LTO": [382.3908734497269, 380.4672104919825, 378.17738474797034, 374.93690027301966, 371.84687673812186, 367.81351849170153, 363.8172505440497, 359.5027326680141, 356.17010304371803, 355.1172538613006, 351.85810171488697, 350.3538283177163, 348.7342070491802, 347.74279337535603, 346.81755925421595, 345.8569096600763, 342.6883922294118, 341.2385102653321, 339.56671657223916, 338.487674681434, 337.71288095350303, 336.8462388419491, 335.52096212062946, 335.2813872852115, 334.9799636383709, 334.7759268605678, 334.61730362851233, 334.3078102526007, 334.2395017489905, 334.043485622675, 333.87558292050323, 333.63224708519607, 333.4843193730191, 333.34545953635507, 333.25022024067005, 333.1575008593197, 333.0692796373168, 333.0034644151833, 332.9684643254548, 332.95406600332257, 332.8954560867577, 332.88557159523657, 332.8774785059018, 332.86819814018577, 332.85891355895257, 332.8435101461314, 332.8288027043975, 332.8147593317937, 332.8125483737908, 332.80895727666075], "Sigma LTO": [0.5, 0.30236363410949707, 0.3136661219596863, 0.3162654054164886, 0.31926969408988953, 0.3191745746135712, 0.31945746660232544, 0.3215492904186249, 0.32383283972740173, 0.32538028359413146, 0.32695061564445493, 0.32718163847923276, 0.32776877403259275, 0.3274036264419556, 0.327091372013092, 0.32628319144248963, 0.3230917549133301, 0.3208738613128662, 0.3181426477432251, 0.3148877453804016, 0.3102718412876129, 0.3056397581100464, 0.3011996054649353, 0.29553215980529784, 0.29011810183525083, 0.2844936978816986, 0.2783362936973572, 0.2711511981487274, 0.26445040106773376, 0.2606042993068695, 0.2593534505367279, 0.25841753602027895, 0.2569462299346924, 0.25541682124137877, 0.25399328231811524, 0.25244508028030394, 0.25071448624134063, 0.25011285483837126, 0.2483614957332611, 0.2465995132923126, 0.24498853623867034, 0.24295981287956236, 0.24342042028903962, 0.24225147783756257, 0.24185749769210815, 0.24141203880310058, 0.24166891992092132, 0.24139584362506866, 0.24090138494968413, 0.24036520302295686], "Std costs LTO": [1.0282907335268043, 1.4885902813757206, 2.03773905248355, 3.213750536144432, 4.410465583805746, 6.910136564531902, 6.878459064060625, 9.021849441809154, 10.398066969117304, 9.902088919585808, 10.676257150134756, 12.380617797920252, 13.485537729357373, 13.463595686267697, 14.078166053755165, 13.842250596512226, 14.09371604839515, 14.582870090124876, 15.09701767656257, 15.830890809761986, 16.214738135227055, 16.164759661464917, 17.02065206156911, 17.033659393538112, 17.07607878963058, 17.158625576745546, 17.28238882174494, 17.517130476775122, 17.462709312467723, 17.498744139802398, 17.6321067185252, 17.748273268094298, 17.86966250438471, 17.969744917311605, 18.024248098734418, 18.063331014330554, 18.023075334637948, 18.035041475839154, 18.041667906054656, 18.029544173532244, 18.024918255188844, 18.028977203012413, 18.029483004938864, 18.033778778655183, 18.032191716703775, 18.025143436317524, 18.025059787449667, 18.024894416405136, 18.0236557702938, 18.022693813740794], "Std Sigma LTO": [0.0, 0.0, 0.0019956516536925968, 0.0010692106463083104, 0.0009866149436174223, 0.001239574589342158, 0.0008512075936071636, 0.0010622180181420683, 0.001353349983681636, 0.0011704918020037217, 0.0014562766146465416, 0.0012236616919774055, 0.0013470541843229216, 0.0009004914081263257, 0.0012546565495494702, 0.0013365763763836525, 0.0012158469108133458, 0.001144035685882764, 0.001672179202577023, 0.0013525310688204063, 0.0014334187753766029, 0.001384363879437187, 0.0012355064970866422, 0.0017666783472007688, 0.0016692201238475773, 0.0014443995073744453, 0.001954448456501025, 0.001709968033320498, 0.0014841040378713957, 0.002204211375341605, 0.002077123410118242, 0.002642114222359358, 0.003039654882957166, 0.0025076686973336507, 0.0022252537383348845, 0.001904851531557787, 0.0018945028402364706, 0.0018759960598681864, 0.0015754600710100397, 0.002208237568089715, 0.002192258979304283, 0.002398431969387881, 0.0015752857865473646, 0.0017461127614174057, 0.00155720887286604, 0.001491114746857592, 0.001641229623990106, 0.001837758808424655, 0.0018411145963935086, 0.0016585203096580153], "End values LTO": [312.58534037590783, 312.5980702020415, 312.7292582671884, 316.5863026508383, 312.5780160780192, 349.80553630217014, 312.5839139406638, 312.5808743991819, 312.57517010398055, 350.0123379562769, 329.8714189608249, 349.83425641057966, 312.6106147167228, 349.82993207614936, 349.8179517893047, 349.79243843930703, 349.8086002825429, 349.7969377098468, 349.8175538874993, 349.80259357124714, 312.58801960260934, 349.83723986205166, 349.79154436871386, 312.5833709229329, 349.8066390399167]}