{"Average costs LTO": [117.49479055586615, 114.67442064540619, 111.10420431349952, 106.7476013222183, 100.64745833746503, 91.04617056959226, 82.47692656090305, 73.87773203237438, 68.73887805067042, 64.76293183999468, 62.58280338365266, 60.75977605575752, 58.64902466500381, 57.319879308352974, 56.2645692597367, 54.7106566237612, 53.7969181543191, 53.26202826849567, 52.33654012210168, 51.15953249023408, 50.81950151332692, 50.57799136454625, 50.14062234780375, 49.86761780738504, 49.43162140180249, 49.01136586698358, 48.646799338078125, 48.40432999823665, 48.265659264599456, 48.10372258536466, 48.001431322275614, 47.81947967706784, 47.65932807291442, 47.54723561706296, 47.51271757642867, 47.429913025937076, 47.39348929783222, 47.35857903762897, 47.29738734133005, 47.26206679000928, 47.224133484246195, 47.184867947108714, 47.171509068520926, 47.14203106157151, 47.12496664019971, 47.09435183952964, 47.079722279837284, 47.07681257202602, 47.074980803498946, 47.06842439346414], "Sigma LTO": [0.5, 0.30236363410949707, 0.3137286138534546, 0.31580899834632875, 0.3190487551689148, 0.3189927685260773, 0.3194777059555054, 0.32161813497543335, 0.3239372146129608, 0.3256030809879303, 0.3272505497932434, 0.32805466890335083, 0.32859032273292543, 0.32830470919609067, 0.32748032569885255, 0.32633452653884887, 0.3242596733570099, 0.32173455238342286, 0.3190242326259613, 0.315600346326828, 0.3112797689437866, 0.3070290148258209, 0.3021950948238373, 0.2971548295021057, 0.2910946297645569, 0.28480867862701414, 0.27860761404037476, 0.27149603962898256, 0.2656087589263916, 0.26252770304679873, 0.26153560876846316, 0.26025830626487734, 0.2587630915641785, 0.25705125331878664, 0.2556911361217499, 0.2538476586341858, 0.25243021368980406, 0.25070412933826447, 0.24921935617923738, 0.24720394909381865, 0.24500671684741973, 0.24290455102920533, 0.24342660665512084, 0.24267371535301208, 0.2421538358926773, 0.2420332044363022, 0.24141279339790345, 0.24159839153289794, 0.24099034786224366, 0.240476513504982], "Std costs LTO": [1.4647486484730226, 1.7309769469852683, 2.834544964149992, 7.163835627301625, 8.887799573051872, 14.1403419371774, 16.01029686352406, 17.05712610855012, 14.318053360947205, 12.488350360084201, 12.378226628601722, 11.31423102562596, 9.11678939016467, 9.022662380805267, 8.528260868766232, 7.536676722988407, 6.966941382643152, 6.945436994104048, 6.404064897801545, 4.874867619656022, 4.562297002511004, 4.553087871678352, 4.745271541874081, 4.799515129279051, 4.92486316203814, 4.848651508508343, 4.797206320511785, 4.87530759926854, 4.811554236515145, 4.807293868898924, 4.793036485157709, 4.459025300086233, 4.442218108422526, 4.3278295322058264, 4.327641500239216, 4.277540472144078, 4.227710658450485, 4.207550537524342, 4.154924569395385, 4.130993006486539, 4.123976858025736, 4.094727244227395, 4.099392621315216, 4.060654262761961, 4.046287630996932, 3.9912395847379463, 3.9700492279194948, 3.9696086289468946, 3.970291247268674, 3.966767014081918], "Std Sigma LTO": [0.0, 0.0, 0.0016088885979024157, 0.0011160107714948788, 0.0008363107494946707, 0.0010479532952367683, 0.0011775568262703795, 0.0010516465198789828, 0.0012087583222761477, 0.0012993820768449973, 0.001289047470043904, 0.001233594251685796, 0.0011901535233914745, 0.0015288542556982166, 0.001179027116464684, 0.0011281929898696765, 0.001253902224171147, 0.0012281121854271226, 0.0010820810621796843, 0.001256544783466314, 0.0016494916225330545, 0.0014146810162947573, 0.0012615063523558937, 0.0015115879511160592, 0.0015050531921370178, 0.0013991638633069643, 0.0017560883274856797, 0.0013087460012615017, 0.001485920905567365, 0.001929312995953763, 0.0018316899580391294, 0.0021038655808401302, 0.0022485357470450403, 0.0018263207035252554, 0.0020556879060128685, 0.0020952299021775073, 0.001924812245491437, 0.001398449300229941, 0.0017366981906327547, 0.0019330554555215369, 0.0014138810086638184, 0.0013379813253863045, 0.0014897236505166283, 0.0017743538033387226, 0.0018636648708788347, 0.0014699238711276337, 0.0012673046985268747, 0.0015731546791752009, 0.0017106011736794226, 0.0014513760286398079], "End values LTO": [45.57961784032841, 57.98536062020146, 45.58555964586743, 45.605586683850916, 45.579222720690574, 45.61532555254532, 45.607289172687565, 57.6886881539619, 45.59805791315764, 45.648853473656544, 57.75490113038181, 45.649891760009695, 45.595626191341545, 45.58149899295634, 45.58890072575825, 45.660455277099175, 45.60297414047512, 45.58650434982433, 45.598997733942284, 45.61495141849373, 45.58924775187225, 45.60650573549463, 45.57822725483459, 45.62797008782547, 45.58039550934663]}