{"Average costs LTO": [381.48323613974856, 380.7734178853199, 379.4208422759142, 377.292170176469, 374.72112169882274, 371.16689700344665, 367.7594597372141, 363.15686968784973, 360.2044887366347, 356.1903898340628, 354.0516455113656, 351.0587688594162, 349.60542710009463, 347.9590286251696, 346.5220488932007, 345.72491605110815, 345.15875361531783, 344.6045191718286, 344.2203725142871, 343.7950140557415, 343.3951763147093, 343.1024105578533, 342.87199168451787, 342.70828051759105, 342.5450493429198, 342.3715393349602, 342.2839617345767, 342.2120115117985, 342.12733901104826, 342.0149723308, 341.9899284083117, 341.95145549578126, 341.904318211119, 341.884863842325, 341.87272075394816, 341.8561342501437, 341.81945644853187, 341.7826904226622, 341.7661965033824, 341.74467130448596, 341.68253972893604, 341.6734181185808, 341.6410188735358, 341.625961490587, 341.615681744938, 341.59927566732637, 341.5943888346883, 341.58285168295356, 341.56345820925105, 341.5409028751732], "Sigma LTO": [0.5, 0.30236363410949707, 0.3136661219596863, 0.3162654054164886, 0.31926969408988953, 0.3191745746135712, 0.31945746660232544, 0.3215492904186249, 0.32383283972740173, 0.32538028359413146, 0.32695061564445493, 0.32718163847923276, 0.32776877403259275, 0.3274036264419556, 0.327091372013092, 0.32628319144248963, 0.3230917549133301, 0.3208738613128662, 0.3181426477432251, 0.3148877453804016, 0.3102718412876129, 0.3056397581100464, 0.3011996054649353, 0.29553215980529784, 0.29011810183525083, 0.2844936978816986, 0.2783362936973572, 0.2711511981487274, 0.26445040106773376, 0.2606042993068695, 0.2593534505367279, 0.25841753602027895, 0.2569462299346924, 0.25541682124137877, 0.25399328231811524, 0.25244508028030394, 0.25071448624134063, 0.25011285483837126, 0.2483614957332611, 0.2465995132923126, 0.24498853623867034, 0.24295981287956236, 0.24342042028903962, 0.24225147783756257, 0.24185749769210815, 0.24141203880310058, 0.24166891992092132, 0.24139584362506866, 0.24090138494968413, 0.24036520302295686], "Std costs LTO": [2.041491065577334, 1.8124145171116657, 1.9326192201232388, 3.7447499068010277, 6.415342726717447, 8.606487050180652, 11.711548540126302, 12.544350020764595, 12.559434903014848, 13.781450344202241, 13.233826022098386, 12.962101671122188, 12.695430639128931, 13.088757733197314, 12.629145289574279, 12.525301692013944, 12.74207879737695, 12.937304372505773, 13.11877008749254, 13.092621038758075, 13.18756887169381, 13.19546511803957, 13.448847866712535, 13.572665698324931, 13.712774861536836, 13.868474123767992, 13.88122059916717, 13.938369262710113, 14.012272592029905, 14.095617900929824, 14.139743660547374, 14.187042468858325, 14.21236651418266, 14.227337527978024, 14.21991707830231, 14.226662359552687, 14.280773488264657, 14.315992935890616, 14.31840723272497, 14.326893297937836, 14.388692202876772, 14.393048036734172, 14.383233138059571, 14.397262197237907, 14.406871832030237, 14.39755022850947, 14.394646437761919, 14.406856036895954, 14.430168114909723, 14.450948389530447], "Std Sigma LTO": [0.0, 0.0, 0.0019956516536925968, 0.0010692106463083104, 0.0009866149436174223, 0.001239574589342158, 0.0008512075936071636, 0.0010622180181420683, 0.001353349983681636, 0.0011704918020037217, 0.0014562766146465416, 0.0012236616919774055, 0.0013470541843229216, 0.0009004914081263257, 0.0012546565495494702, 0.0013365763763836525, 0.0012158469108133458, 0.001144035685882764, 0.001672179202577023, 0.0013525310688204063, 0.0014334187753766029, 0.001384363879437187, 0.0012355064970866422, 0.0017666783472007688, 0.0016692201238475773, 0.0014443995073744453, 0.001954448456501025, 0.001709968033320498, 0.0014841040378713957, 0.002204211375341605, 0.002077123410118242, 0.002642114222359358, 0.003039654882957166, 0.0025076686973336507, 0.0022252537383348845, 0.001904851531557787, 0.0018945028402364706, 0.0018759960598681864, 0.0015754600710100397, 0.002208237568089715, 0.002192258979304283, 0.002398431969387881, 0.0015752857865473646, 0.0017461127614174057, 0.00155720887286604, 0.001491114746857592, 0.001641229623990106, 0.001837758808424655, 0.0018411145963935086, 0.0016585203096580153], "End values LTO": [350.1667689656432, 350.21120403958776, 350.1037552652625, 350.30485978335554, 312.6637173614813, 350.03120777807464, 350.08227381018014, 350.0900109721031, 350.2083351521483, 312.9169850975586, 350.02639591216973, 350.14961028723536, 312.63894017338475, 350.08541276969424, 330.01705387507707, 316.7498258418956, 334.75638927207314, 350.12623937735765, 350.02790544682875, 350.02396136606325, 350.2535063932192, 349.96572853929655, 350.0505641441775, 316.7279785227948, 350.1439417326666]}