{"Average costs LTO": [243.3071332558182, 235.22555357843157, 224.58767647606405, 213.68611970850793, 199.5667598680674, 182.49587718306597, 164.99040822547678, 146.83147686332677, 129.76144973860613, 115.07607819744345, 98.9610824319968, 90.7417690326565, 80.27762051629873, 72.9992789137534, 67.98057531558686, 63.6643461807801, 59.877253775512415, 56.87170746611248, 55.303062901489696, 53.64165719333715, 52.500264600361135, 51.84427395656319, 51.544107127731195, 51.52999999999998, 51.52999999999998, 51.52999999999998, 51.52999999999998, 51.52999999999998, 51.52999999999998, 51.52999999999998, 51.52999999999998, 51.52999999999998, 51.52999999999998, 51.52999999999998, 51.52999999999998, 51.52999999999998, 51.52999999999998, 51.52999999999998, 51.52999999999998, 51.52999999999998, 51.52999999999998, 51.52999999999998, 51.52999999999998, 51.52999999999998, 51.52999999999998, 51.52999999999998, 51.52999999999998, 51.52999999999998, 51.52999999999998, 51.52999999999998], "Sigma LTO": [0.5, 0.30236363410949707, 0.31180797815322875, 0.3149291205406189, 0.31884108781814574, 0.31890398263931274, 0.3192059206962585, 0.32150719165802, 0.3238342010974884, 0.3259863078594208, 0.3272215569019318, 0.3284022581577301, 0.3287703835964203, 0.3286876976490021, 0.32822054624557495, 0.326556510925293, 0.324916011095047, 0.32254905939102174, 0.3196316134929657, 0.3159394896030426, 0.3118694519996643, 0.307420848608017, 0.3021489703655243, 0.2967321026325226, 0.2907219743728638, 0.28447131991386415, 0.2778967785835266, 0.2761655306816101, 0.2764353370666504, 0.2756239128112793, 0.27510801792144773, 0.27396912932395934, 0.2731085646152496, 0.27199479460716247, 0.27135847091674803, 0.27010550737380984, 0.2692226040363312, 0.26778512239456176, 0.2670140039920807, 0.2652355110645294, 0.2633065247535706, 0.2614840841293335, 0.2616946637630463, 0.2605314803123474, 0.2606712102890015, 0.26041039228439333, 0.2603883242607117, 0.2595716869831085, 0.25888765811920167, 0.2585010850429535], "Std costs LTO": [5.413255067407336, 5.278429931746941, 7.123448603520861, 11.35807799861481, 12.82779354507733, 16.995440899295115, 19.142153954260344, 23.184453352958247, 24.83208793336895, 21.369051214422516, 20.351448552782514, 17.337360945681446, 13.927511653310352, 12.65328373708404, 12.42693231611169, 9.02283491930481, 7.92642223982366, 4.75081770410977, 4.462459429978283, 3.6554239158709403, 1.977162294285296, 0.9564699124415518, 0.0521309821251733, 2.1316282072803006e-14, 2.1316282072803006e-14, 2.1316282072803006e-14, 2.1316282072803006e-14, 2.1316282072803006e-14, 2.1316282072803006e-14, 2.1316282072803006e-14, 2.1316282072803006e-14, 2.1316282072803006e-14, 2.1316282072803006e-14, 2.1316282072803006e-14, 2.1316282072803006e-14, 2.1316282072803006e-14, 2.1316282072803006e-14, 2.1316282072803006e-14, 2.1316282072803006e-14, 2.1316282072803006e-14, 2.1316282072803006e-14, 2.1316282072803006e-14, 2.1316282072803006e-14, 2.1316282072803006e-14, 2.1316282072803006e-14, 2.1316282072803006e-14, 2.1316282072803006e-14, 2.1316282072803006e-14, 2.1316282072803006e-14, 2.1316282072803006e-14], "Std Sigma LTO": [0.0, 0.0, 0.002186043846361312, 0.0017336186480629314, 0.0012586609662643773, 0.0010441100053172742, 0.0008628627486368964, 0.0008842549733185114, 0.0011759378459926353, 0.0009635019896125521, 0.0012879198854121765, 0.0012754425312654766, 0.001086202690699545, 0.0013204695710419495, 0.0012443543215077246, 0.0014058765628028234, 0.0013803471896947593, 0.0011989687051445215, 0.0011830403200361207, 0.0010397897432524949, 0.0013148667521292372, 0.0010879067040542362, 0.0015103398953665397, 0.0013734890819517647, 0.001752104949146155, 0.0016081958828674677, 0.0013949924095597729, 0.00215143811095227, 0.002537392293064896, 0.0020544682475023422, 0.0017806517019469316, 0.0019595973749843205, 0.00245539929558174, 0.0023089379746369875, 0.0017240214814170497, 0.001458081841570518, 0.00213452423641953, 0.0025313622864586295, 0.003064522922963595, 0.003011674565631076, 0.002908126641535456, 0.0026363791242056166, 0.0025266230334776573, 0.002005832369810971, 0.001991876591128136, 0.0021670848056730666, 0.002771214219614167, 0.003070148426325817, 0.003201666001773237, 0.0029569761438230347], "End values LTO": [51.53, 51.53, 51.53, 51.53, 51.53, 51.53, 51.53, 51.53, 51.53, 51.53, 51.53, 51.53, 51.53, 51.53, 51.53, 51.53, 51.53, 51.53, 51.53, 51.53, 51.53, 51.53, 51.53, 51.53, 51.53]}