{"Average costs LTO": [242.50650912154617, 237.36595840704143, 232.81584242124376, 225.75580085381563, 219.00711052352838, 212.35932050841052, 205.32070339252124, 198.26497706144593, 191.05399049875567, 185.00005195638028, 176.51615373382657, 169.92106708337764, 163.05499380219254, 155.29529206917738, 149.13948274378888, 143.15998779560007, 137.66228956876304, 132.32354184669694, 127.07988789681143, 122.63543448397355, 118.72816121375958, 114.98453134172958, 111.1644663149179, 108.5367449715967, 105.62373092827045, 102.48611063563767, 98.57891820475521, 96.20488775592452, 93.66781414359706, 91.52283746362893, 89.66489778857022, 87.61236088855229, 85.15729904714168, 83.79296079998416, 81.85781437780729, 80.26176170947039, 78.83274078409764, 77.21392933050797, 75.9509363356039, 74.7997972161803, 73.49397460065049, 72.47008981752751, 71.29832120720863, 70.16969265311661, 69.07003106890231, 68.02545698848809, 67.07989776348035, 66.28236681947979, 65.42963395393626, 64.62613238418047], "Sigma LTO": [0.5, 0.30236363410949707, 0.31180797815322875, 0.3149291205406189, 0.31884108781814574, 0.31890398263931274, 0.3192059206962585, 0.32150719165802, 0.3238342010974884, 0.3259863078594208, 0.3272215569019318, 0.3284022581577301, 0.3287703835964203, 0.3286876976490021, 0.32822054624557495, 0.326556510925293, 0.324916011095047, 0.32254905939102174, 0.3196316134929657, 0.3159394896030426, 0.3118694519996643, 0.307420848608017, 0.3021489703655243, 0.2967321026325226, 0.2907219743728638, 0.28447131991386415, 0.2778967785835266, 0.2761655306816101, 0.2764353370666504, 0.2756239128112793, 0.27510801792144773, 0.27396912932395934, 0.2731085646152496, 0.27199479460716247, 0.27135847091674803, 0.27010550737380984, 0.2692226040363312, 0.26778512239456176, 0.2670140039920807, 0.2652355110645294, 0.2633065247535706, 0.2614840841293335, 0.2616946637630463, 0.2605314803123474, 0.2606712102890015, 0.26041039228439333, 0.2603883242607117, 0.2595716869831085, 0.25888765811920167, 0.2585010850429535], "Std costs LTO": [3.995451330482108, 4.9044589920249395, 4.812155472804673, 5.437213877582969, 6.712717219344218, 6.9146847581175646, 6.7770486841687765, 7.9287075595613326, 8.095200624710936, 8.423288703559217, 9.713581693825112, 9.625909780968117, 10.005207377613498, 8.76762141456709, 9.218075459460689, 10.094431367668964, 10.499494112856937, 10.792388056916637, 10.639431464590489, 10.886061960572771, 10.975605485609817, 10.933476688305953, 10.543157204485352, 11.08023230621781, 11.284725896951594, 10.930884207748605, 10.714931578038668, 10.589863911335527, 10.747724354845754, 10.387715404028118, 10.29779747849468, 9.920111068072984, 9.56739197456508, 9.633644547008512, 9.334399312992785, 9.423858722927875, 9.423855337772459, 8.995627160899758, 9.068349972948257, 9.062744258463116, 8.924247977640794, 8.601419516034085, 8.44248498838289, 8.256131375519494, 8.172963562418698, 8.108346643598887, 7.841515562101351, 7.779786027316397, 7.658249950160094, 7.415046395595421], "Std Sigma LTO": [0.0, 0.0, 0.002186043846361312, 0.0017336186480629314, 0.0012586609662643773, 0.0010441100053172742, 0.0008628627486368964, 0.0008842549733185114, 0.0011759378459926353, 0.0009635019896125521, 0.0012879198854121765, 0.0012754425312654766, 0.001086202690699545, 0.0013204695710419495, 0.0012443543215077246, 0.0014058765628028234, 0.0013803471896947593, 0.0011989687051445215, 0.0011830403200361207, 0.0010397897432524949, 0.0013148667521292372, 0.0010879067040542362, 0.0015103398953665397, 0.0013734890819517647, 0.001752104949146155, 0.0016081958828674677, 0.0013949924095597729, 0.00215143811095227, 0.002537392293064896, 0.0020544682475023422, 0.0017806517019469316, 0.0019595973749843205, 0.00245539929558174, 0.0023089379746369875, 0.0017240214814170497, 0.001458081841570518, 0.00213452423641953, 0.0025313622864586295, 0.003064522922963595, 0.003011674565631076, 0.002908126641535456, 0.0026363791242056166, 0.0025266230334776573, 0.002005832369810971, 0.001991876591128136, 0.0021670848056730666, 0.002771214219614167, 0.003070148426325817, 0.003201666001773237, 0.0029569761438230347], "End values LTO": [59.308532625401654, 55.856571314736556, 64.93357309240699, 65.58751057908407, 65.23781374981829, 72.34854064635803, 73.57882173410414, 63.65535434729148, 65.9043839694281, 65.02916972998949, 65.72771876590201, 57.403232852664274, 51.53, 75.4119995190965, 69.82084417988833, 70.01055053914368, 66.62492515813705, 64.70836509049272, 54.90023277869673, 60.94404970545233, 80.38665752241164, 51.824034469799784, 75.977635505373, 56.16771943431431, 62.775072294520584]}