{"Average costs LTO": [171.96381932475106, 164.4679470799011, 155.05465729552307, 152.82386999470972, 149.8273035812906, 148.01772971813952, 146.7945852301092, 143.13919887051767, 141.7037721299255, 139.78539298042267, 138.33499157690326, 137.28955972526705, 134.55868611263358, 134.11166780070909, 133.177342283831, 131.81629875002633, 130.85199756342894, 129.16487304724814, 128.12914873485934, 128.0109613268354, 126.40738179509604, 124.67644890659734, 123.46977877265839, 122.62475275765726, 122.44729378900882, 122.44729378900882, 121.69221367823961, 120.57130563146794, 120.34633118254085, 120.05182294882908, 120.04205291543731, 118.61471165155568, 117.60083370690954, 117.39446757221937, 117.39446757221937, 116.12368354040584, 116.04334102265688, 116.04334102265688, 114.82456849083235, 114.81157209955825, 114.81157209955825, 114.39295648173426, 113.7522059609362, 113.7522059609362, 112.29936542788268, 112.12611120847313, 112.12611120847313, 111.6429598065106, 111.6429598065106, 111.61631071291058], "Sigma LTO": [0.5, 0.30236363410949707, 0.31437163829803466, 0.31748400449752806, 0.3211866593360901, 0.320629163980484, 0.32053518772125245, 0.3220036435127258, 0.3236982810497284, 0.3254864084720612, 0.3267530965805054, 0.32625592947006227, 0.3268915557861328, 0.32623603820800784, 0.3255821073055267, 0.32428884506225586, 0.3224221658706665, 0.3203616762161255, 0.3174747109413147, 0.3142961406707764, 0.31089997172355655, 0.30676068186759947, 0.3023197674751282, 0.29766889929771423, 0.29293826341629026, 0.28728742241859434, 0.2812024736404419, 0.27549696564674375, 0.2688731896877289, 0.2625773024559021, 0.26094634175300596, 0.26033427834510803, 0.25867719292640684, 0.25847366094589236, 0.2567385733127594, 0.25497691869735717, 0.2541738760471344, 0.2534927952289581, 0.2528260064125061, 0.2517618840932846, 0.25009121477603913, 0.24831797301769257, 0.24855263352394105, 0.24810097694396974, 0.24772529065608978, 0.24754188656806947, 0.24683102130889892, 0.24663942396640778, 0.24676845014095306, 0.2469733703136444], "Std costs LTO": [16.00476681225304, 15.281688118485118, 15.310984692651093, 14.33253152391205, 13.584915911785801, 14.662606112278345, 14.460004458939263, 14.756566650261778, 13.225154808757665, 14.033072348868023, 13.791796630961285, 13.72658430095198, 13.56519556572627, 13.445639998350064, 13.224249057340067, 12.81456012069815, 12.822928273998167, 12.880241202433341, 12.235030119171697, 12.287276218814268, 12.770247760757641, 14.615056879652666, 13.557727223420597, 13.325545393479855, 13.199332456553613, 13.199332456553613, 13.193213952915478, 12.570104962404987, 12.476639483270015, 12.183062257909373, 12.181412330596842, 11.912573817184207, 12.312602165758419, 12.402729135972994, 12.402729135972994, 12.818684155820828, 12.656082203416517, 12.656082203416517, 12.549578930566495, 12.556076211618768, 12.556076211618768, 12.558989830358035, 12.188933859561908, 12.188933859561908, 12.938796178637409, 12.945526588411001, 12.945526588411001, 12.81627913179389, 12.81627913179389, 12.756055483156866], "Std Sigma LTO": [0.0, 0.0, 0.001675766551422552, 0.0013283545726587602, 0.0013628003863822259, 0.001074095937750422, 0.0015117902184946814, 0.0011472235030164741, 0.001056168308745408, 0.0012675533367401514, 0.0010865389370041808, 0.001319312171392778, 0.001327198145908378, 0.0013479913045059255, 0.0011654017691823764, 0.0015961149382393554, 0.0015316176987185408, 0.0015457407937008209, 0.0015858819405677586, 0.001036404887201485, 0.0014858249436092725, 0.0012969386496539139, 0.0012615400353385782, 0.001656321415789484, 0.0013820891876526026, 0.0020696037814396393, 0.0014295650602793193, 0.001817749806309239, 0.0018340730270055236, 0.0010005662100757988, 0.0016160582570671606, 0.00233090368077404, 0.0018743003295335714, 0.002410859571395563, 0.0021931011172713227, 0.001800868114356685, 0.0016617949794871692, 0.0021419058792829077, 0.0016068428295662358, 0.0022460775078585794, 0.0018903082630475345, 0.002315691811703231, 0.001681357624013022, 0.001545034624388104, 0.00158947483556931, 0.0019388844621270184, 0.0018454409946255402, 0.0018758095736496026, 0.0016141760031842297, 0.0019190533315941974], "End values LTO": [86.32643212076263, 120.1164083707308, 99.53465975617888, 107.6209306035735, 114.5944193704786, 109.29090331158176, 105.1485182280791, 109.521069424601, 123.40478562200474, 93.39988631042793, 111.81877328497706, 147.74052930807025, 110.98625844150615, 103.68130594904062, 101.28899712007149, 114.76528662029202, 121.44485484954848, 115.03144045416363, 107.57801217660963, 120.60846444096714, 106.02895409961604, 103.68386236843469, 112.76261480869759, 140.1916749820475, 103.83872580030365]}