{"Average costs LTO": [169.0948250086414, 163.12009814196225, 156.30242509255714, 151.22256048715417, 147.320177391572, 144.59433696822026, 143.6243475359785, 142.0712989322608, 140.8196515802006, 136.84125403272384, 135.23309998049794, 133.5664951279981, 131.0501686646946, 130.16467870634082, 129.4421053567934, 128.5036547299559, 128.44330068044684, 127.55757174661827, 125.65010421019531, 125.37502215021479, 123.4554549666417, 122.04058860222311, 121.00494156407916, 121.00494156407916, 120.81647404345243, 120.6557876247285, 120.62279860321952, 119.95253977402437, 118.99135304957542, 118.43552854111047, 116.93378688639608, 115.71490429550478, 115.53163024885639, 114.64079747658269, 114.04002704696579, 112.97600426528072, 112.30256132149665, 112.30256132149665, 112.30256132149665, 112.30256132149665, 112.30256132149665, 110.91919915546362, 110.87602341379588, 110.87602341379588, 110.86044869720605, 110.45625081875085, 110.45625081875085, 110.45625081875085, 110.45625081875085, 110.13652125353747], "Sigma LTO": [0.5, 0.30236363410949707, 0.31437163829803466, 0.31748400449752806, 0.3211866593360901, 0.320629163980484, 0.32053518772125245, 0.3220036435127258, 0.3236982810497284, 0.3254864084720612, 0.3267530965805054, 0.32625592947006227, 0.3268915557861328, 0.32623603820800784, 0.3255821073055267, 0.32428884506225586, 0.3224221658706665, 0.3203616762161255, 0.3174747109413147, 0.3142961406707764, 0.31089997172355655, 0.30676068186759947, 0.3023197674751282, 0.29766889929771423, 0.29293826341629026, 0.28728742241859434, 0.2812024736404419, 0.27549696564674375, 0.2688731896877289, 0.2625773024559021, 0.26094634175300596, 0.26033427834510803, 0.25867719292640684, 0.25847366094589236, 0.2567385733127594, 0.25497691869735717, 0.2541738760471344, 0.2534927952289581, 0.2528260064125061, 0.2517618840932846, 0.25009121477603913, 0.24831797301769257, 0.24855263352394105, 0.24810097694396974, 0.24772529065608978, 0.24754188656806947, 0.24683102130889892, 0.24663942396640778, 0.24676845014095306, 0.2469733703136444], "Std costs LTO": [12.627250828735765, 9.52986030437532, 13.43063186954969, 11.749130191724113, 13.041049160694676, 12.042123128826107, 11.895740667866216, 11.175809694172848, 11.629202516217092, 14.661379093351954, 13.738506268381812, 13.15853594326757, 13.372991056408749, 13.154624372541104, 13.713329142573961, 13.51603288939438, 13.54848443020941, 13.649620159418967, 12.994858350491429, 12.891398654922929, 11.003619862551348, 11.206065631705474, 12.418410445538994, 12.418410445538994, 12.46118915168001, 12.572613880441194, 12.556136803119488, 12.727213509698714, 12.478377329771511, 12.879960204860936, 13.963793985900903, 12.54209874390023, 12.357528227957934, 12.48390328428605, 12.229280612691621, 11.421748957372802, 11.656226624295579, 11.656226624295579, 11.656226624295579, 11.656226624295579, 11.656226624295579, 11.985017363576821, 11.92032951810075, 11.92032951810075, 11.908134591605045, 11.779248054272609, 11.779248054272609, 11.779248054272609, 11.779248054272609, 11.893279713629017], "Std Sigma LTO": [0.0, 0.0, 0.001675766551422552, 0.0013283545726587602, 0.0013628003863822259, 0.001074095937750422, 0.0015117902184946814, 0.0011472235030164741, 0.001056168308745408, 0.0012675533367401514, 0.0010865389370041808, 0.001319312171392778, 0.001327198145908378, 0.0013479913045059255, 0.0011654017691823764, 0.0015961149382393554, 0.0015316176987185408, 0.0015457407937008209, 0.0015858819405677586, 0.001036404887201485, 0.0014858249436092725, 0.0012969386496539139, 0.0012615400353385782, 0.001656321415789484, 0.0013820891876526026, 0.0020696037814396393, 0.0014295650602793193, 0.001817749806309239, 0.0018340730270055236, 0.0010005662100757988, 0.0016160582570671606, 0.00233090368077404, 0.0018743003295335714, 0.002410859571395563, 0.0021931011172713227, 0.001800868114356685, 0.0016617949794871692, 0.0021419058792829077, 0.0016068428295662358, 0.0022460775078585794, 0.0018903082630475345, 0.002315691811703231, 0.001681357624013022, 0.001545034624388104, 0.00158947483556931, 0.0019388844621270184, 0.0018454409946255402, 0.0018758095736496026, 0.0016141760031842297, 0.0019190533315941974], "End values LTO": [95.61173856897099, 127.70445018445153, 94.35340422643071, 110.74025346820848, 102.05804536409161, 100.20363030819863, 120.00233720465145, 100.16492788897854, 125.71216992792938, 126.82267580051982, 101.91736545671523, 129.68593847560402, 102.60494258485733, 93.62440420892958, 128.265949505222, 119.672238240921, 109.38247295236741, 123.52208828105186, 108.16269656303574, 93.33683440506762, 109.22659711419516, 108.27283323219969, 99.39219665239906, 118.468234546008, 104.50460617743204]}