{"Average costs LTO": [-195.0507448879593, -262.9946032314694, -277.58963741052537, -287.05796311354015, -294.57829719027234, -300.0016883408272, -307.01860654654155, -310.3713397012614, -312.39205317271785, -314.3460976772722, -317.8790757870945, -322.4406592912688, -323.20879977528347, -323.23888237941856, -326.9904997267741, -327.0000619511169, -327.3766917174416, -328.5742927542483, -330.4284296569284, -331.7622849163579, -332.6623085777343, -332.80207753667105, -334.14755567076054, -334.68709737902407, -335.7068030149275, -335.88196873926006, -336.22300211853553, -336.9678860174265, -337.7384222748553, -338.01109303059786, -338.78867326227396, -339.47709955150543, -340.16895573217334, -340.7924114044222, -340.9318427223524, -341.48997267020115, -341.5581051684309, -341.9078564186346, -341.9379661391633, -342.11527976125086, -342.18532683200783, -342.77882809016694, -343.19131626863384, -343.3068672443086, -343.8568393351847, -343.9505971594224, -344.2620605721457, -344.46137459304407, -344.48319920392083, -344.5611626575142], "Sigma LTO": [0.5, 0.30236363410949707, 0.3161893093585968, 0.31818464636802674, 0.3219434404373169, 0.32134427785873415, 0.3212049520015717, 0.32266425490379336, 0.32467562675476075, 0.32551838636398317, 0.3257295155525208, 0.3262106800079346, 0.32617909789085386, 0.3248290479183197, 0.324722398519516, 0.32253260850906373, 0.3211053371429443, 0.3181217813491821, 0.3161937761306763, 0.31380447149276736, 0.30885460853576663, 0.3066386425495148, 0.3024920988082886, 0.296361026763916, 0.2939069902896881, 0.2874206757545471, 0.2811550068855286, 0.2764527201652527, 0.27080063462257387, 0.2630203545093536, 0.25725181579589845, 0.2546361255645752, 0.25357688665390016, 0.2533537292480469, 0.2510895812511444, 0.25095230221748355, 0.2502176654338837, 0.24794720828533173, 0.24761133790016174, 0.2458922827243805, 0.2446322649717331, 0.24249965190887451, 0.24259197533130647, 0.2428521078824997, 0.24263009786605835, 0.24218412935733796, 0.24197849452495576, 0.24166442394256593, 0.241829771399498, 0.24147538125514983], "Std costs LTO": [71.15482494106301, 35.63224652584707, 31.949294730850156, 29.83977177062367, 29.178176254032174, 26.373312025984887, 23.07751670151555, 19.539885404709604, 18.64667766640551, 17.19831821012598, 16.566170781906596, 10.05753049383902, 9.847070099544144, 9.845359529934152, 8.684912766933484, 8.677761003740448, 8.586261638194893, 7.688368469599259, 6.792177552177419, 6.136510335050237, 5.620260017654917, 5.418691834948139, 4.61397451950242, 4.599447219130464, 3.9254836789259637, 3.990924627304527, 3.6960188944416656, 3.644652171718953, 3.6362526306476295, 3.4083518025698525, 3.5192563293699424, 3.4552761560132823, 3.2900226100817527, 2.9500741308464966, 2.8570459727880544, 3.3614105858805106, 3.1972942621818436, 3.128381634637778, 3.124282988407709, 2.839539963019114, 2.774606460663958, 2.710454580072691, 2.5230699612797776, 2.6924578867095565, 2.2915870247971224, 2.305364598752871, 2.3691222615623215, 2.220906252441475, 2.1914813726566678, 2.1655228764261665], "Std Sigma LTO": [0.0, 0.0, 0.002349374980600597, 0.0016347130230229506, 0.0011459990531001456, 0.0014027418353606818, 0.0010091074620455873, 0.0008276356737295183, 0.00115824966187803, 0.0011933498287864882, 0.0011108166033089461, 0.001102024427152167, 0.001343439299855707, 0.0020002835582305003, 0.0015939130281905163, 0.002544461133364606, 0.001831449089625882, 0.0023309383471986867, 0.001212955332068048, 0.0009191116313022585, 0.002429576395227484, 0.0012188526532014242, 0.0013716774307055628, 0.0021397216232696263, 0.0012785839327045284, 0.0025657436958523563, 0.0021996805533398313, 0.0012085338850121173, 0.0013359548216571545, 0.0017492296606165627, 0.001267887538801995, 0.0014361491761745403, 0.0014443102927832623, 0.0011570534971711076, 0.0014493010786969527, 0.0014242663788507602, 0.0017019922552933163, 0.0016198559961943361, 0.0015588699574954267, 0.0021559133585001165, 0.0015329000100181714, 0.0017414816552700386, 0.0015502350832976562, 0.0013449244856186568, 0.0008980059781073156, 0.00122798807781754, 0.00143881145890039, 0.0010102619207117143, 0.0016535946356564218, 0.0009992098536717726], "End values LTO": [-343.6107215950048, -347.30111460934415, -342.9723761326242, -348.51623958697826, -348.9296721825701, -344.5981452050937, -347.1700314416627, -341.07740123583426, -343.96921526363343, -341.76675983707463, -342.85613528355947, -341.8737148985403, -341.0063825184078, -345.69252812431665, -344.5550893733888, -347.3844570455215, -344.90789791889716, -343.14734790475603, -345.71060930252827, -342.8541754873829, -343.1760241807098, -344.0574686879994, -345.315848438955, -346.20229980997703, -345.37741037309434]}