{"Average costs LTO": [777.5395276303836, 534.0446967506131, 369.83939825046923, 258.82287288701, 134.89502596217102, 10.396084054341046, -51.641765530127614, -109.42308550644708, -155.14265655291246, -187.4594334486515, -203.5557376951061, -233.63700188641386, -249.6158685793476, -261.90905887925567, -269.36471319544415, -280.7882862453047, -290.0734273895646, -296.6498459939021, -302.83277394999897, -305.88214002629394, -316.4893101201265, -321.07176425197537, -325.81483257766394, -328.2305970697018, -330.9848000686693, -334.17460914153395, -335.6049793544733, -338.20465627734296, -339.0813606780627, -339.98614433265556, -340.1604306849762, -341.3612193011325, -342.6212747544344, -343.64703693424946, -344.0974408461089, -344.98203292891566, -345.7895735045493, -346.46920251884063, -346.7819190189459, -347.23275700881766, -347.85433570128174, -348.54522496922505, -348.6220029390026, -348.83663655989085, -349.25666718332525, -349.5718391113961, -349.70632719688183, -349.8750515161384, -349.9876063494051, -350.1340572061479], "Sigma LTO": [0.5, 0.30236363410949707, 0.3161893093585968, 0.31818464636802674, 0.3219434404373169, 0.32134427785873415, 0.3212049520015717, 0.32266425490379336, 0.32467562675476075, 0.32551838636398317, 0.3257295155525208, 0.3262106800079346, 0.32617909789085386, 0.3248290479183197, 0.324722398519516, 0.32253260850906373, 0.3211053371429443, 0.3181217813491821, 0.3161937761306763, 0.31380447149276736, 0.30885460853576663, 0.3066386425495148, 0.3024920988082886, 0.296361026763916, 0.2939069902896881, 0.2874206757545471, 0.2811550068855286, 0.2764527201652527, 0.27080063462257387, 0.2630203545093536, 0.25725181579589845, 0.2546361255645752, 0.25357688665390016, 0.2533537292480469, 0.2510895812511444, 0.25095230221748355, 0.2502176654338837, 0.24794720828533173, 0.24761133790016174, 0.2458922827243805, 0.2446322649717331, 0.24249965190887451, 0.24259197533130647, 0.2428521078824997, 0.24263009786605835, 0.24218412935733796, 0.24197849452495576, 0.24166442394256593, 0.241829771399498, 0.24147538125514983], "Std costs LTO": [520.7052063816432, 428.29561957287615, 383.0510709363773, 340.45064352549025, 253.17915556060467, 193.2672401695724, 190.83702799488174, 128.56073839485887, 95.61276138690397, 85.09808155936958, 78.26830897292407, 66.04827418549505, 66.89090151972515, 69.53557644793602, 68.29458290388918, 49.336512145942336, 42.57635863046868, 39.691568910652165, 34.650080000170554, 33.33188923741879, 20.208004696822574, 19.391070872109978, 16.55753461161592, 15.267432685751373, 13.454600414491203, 12.383800421659103, 12.50890208592558, 10.074734832194697, 9.647814313090382, 9.686529166362353, 9.496948619260134, 9.027189571178852, 8.075926183003274, 7.859751859405106, 7.70465406487276, 6.7868808714413955, 6.881432605141922, 6.060434961585068, 6.016133706339052, 5.121513629739908, 3.838034138822163, 3.050539083710641, 3.072865885769914, 3.028888443628225, 2.5550933711236743, 2.1162467884193137, 1.9211789193017337, 1.5621114059375278, 1.4533836778792748, 1.3083085287989273], "Std Sigma LTO": [0.0, 0.0, 0.002349374980600597, 0.0016347130230229506, 0.0011459990531001456, 0.0014027418353606818, 0.0010091074620455873, 0.0008276356737295183, 0.00115824966187803, 0.0011933498287864882, 0.0011108166033089461, 0.001102024427152167, 0.001343439299855707, 0.0020002835582305003, 0.0015939130281905163, 0.002544461133364606, 0.001831449089625882, 0.0023309383471986867, 0.001212955332068048, 0.0009191116313022585, 0.002429576395227484, 0.0012188526532014242, 0.0013716774307055628, 0.0021397216232696263, 0.0012785839327045284, 0.0025657436958523563, 0.0021996805533398313, 0.0012085338850121173, 0.0013359548216571545, 0.0017492296606165627, 0.001267887538801995, 0.0014361491761745403, 0.0014443102927832623, 0.0011570534971711076, 0.0014493010786969527, 0.0014242663788507602, 0.0017019922552933163, 0.0016198559961943361, 0.0015588699574954267, 0.0021559133585001165, 0.0015329000100181714, 0.0017414816552700386, 0.0015502350832976562, 0.0013449244856186568, 0.0008980059781073156, 0.00122798807781754, 0.00143881145890039, 0.0010102619207117143, 0.0016535946356564218, 0.0009992098536717726], "End values LTO": [-348.5168936512181, -350.5521456270654, -350.41260541201433, -350.0516132705996, -350.4859460049432, -349.886024653652, -345.60118878930064, -352.33180396479827, -349.6929938179813, -351.5549043334876, -349.94813726898116, -349.3076555334557, -350.90215320056075, -351.72852607060395, -349.5802281007929, -349.61659062176653, -349.85122998094414, -350.26209638306375, -351.9721858280994, -350.7056542050342, -350.4238798088265, -350.9356786465199, -349.2429954607073, -350.9618280138086, -348.8264715054712]}