{"Average costs LTO": [-1.4719302455179977, -7.205256290973746, -12.510149031638013, -15.886162222695395, -17.922689081170056, -19.54815158571519, -21.09749838692305, -22.205741265914483, -22.94722513751973, -23.502631953522336, -24.03069379817915, -24.875433204997513, -25.707694817638984, -26.02359504613668, -26.44097461323141, -26.912560143303025, -27.49017030408035, -27.661305941040265, -28.035341895841903, -28.290872522781353, -28.61538620758965, -28.900687507042086, -29.293766768117983, -29.714821529836623, -29.802317146133895, -29.86962527928745, -30.204472794549634, -30.646353387326972, -30.837258234102364, -31.103747718515574, -31.292008693671065, -31.573807350980395, -31.65881527379689, -31.821181235334464, -31.946276365240948, -32.08273968201535, -32.24544190950094, -32.58415594246074, -32.76594785999999, -32.83315682511694, -32.91857509912119, -33.02628635465382, -33.13699546103376, -33.33420548027118, -33.346800445351214, -33.542059934433944, -33.69513486882673, -33.92615528356787, -34.01334099958321, -34.2060480663052], "Sigma LTO": [0.5, 0.30236363410949707, 0.31384601950645447, 0.3171725058555603, 0.3205079364776611, 0.32032861351966857, 0.32028637290000916, 0.32266984939575194, 0.32572526931762696, 0.3286044383049011, 0.32859118580818175, 0.32919074177742, 0.33079766631126406, 0.330473016500473, 0.329778436422348, 0.33162699818611147, 0.32684956192970277, 0.32321539759635926, 0.31744499325752257, 0.3154734337329865, 0.31105305790901183, 0.3035084342956543, 0.3047391104698181, 0.3007730746269226, 0.29510857582092287, 0.2981534445285797, 0.29996572494506835, 0.3061108362674713, 0.29374767422676085, 0.2798660695552826, 0.2750083065032959, 0.26779410243034363, 0.26764834761619566, 0.2731994163990021, 0.2742083406448364, 0.2769072186946869, 0.28732388854026797, 0.30243237972259523, 0.31274020195007324, 0.3212677186727524, 0.3350347429513931, 0.3494768214225769, 0.3576175719499588, 0.3573994117975235, 0.33975194036960604, 0.33114182233810424, 0.3232048273086548, 0.3147791063785553, 0.30869199395179747, 0.30295870184898377], "Std costs LTO": [5.618282389988963, 5.796621892602356, 5.508269209352124, 5.0012994997049445, 4.175521178660642, 4.247725600670488, 3.893215259718469, 3.682724640238247, 3.7597722523492303, 3.5246006732101796, 3.5363951609716695, 3.3840409870897252, 3.383644403571976, 3.3248246206314187, 2.7392600560842584, 2.697641332987892, 2.1741497483663106, 2.1656207878030425, 2.1939475319906703, 2.2624157515957113, 2.3908526384646565, 2.5283737846858236, 2.7345179138180193, 2.957881714150213, 2.893144079948592, 2.8702946779473066, 2.753750497502813, 2.746931461168516, 2.858375679588527, 2.7355390728337428, 2.848099285895314, 2.550343511138381, 2.584175585730465, 2.598906805950433, 2.6423181011585655, 2.6027725982488863, 2.5330353283393823, 2.399591734883225, 2.500835141338158, 2.4790588322323215, 2.459255447135701, 2.401376653933507, 2.3461596062461156, 2.124324130369024, 2.1394531268691233, 2.1259395148536524, 1.9903296649827018, 2.0517967466682236, 1.9999999497616512, 2.0137225684322035], "Std Sigma LTO": [0.0, 0.0, 0.0015460052906418704, 0.0020267093190364325, 0.002943395710635391, 0.004653306048988895, 0.003926766922351306, 0.0027390842281418753, 0.0032606795360747643, 0.01396153090301623, 0.015015578251546141, 0.012056462763517569, 0.01557858572601478, 0.023481967488843965, 0.02250050134728, 0.03575442902203685, 0.0327993418186625, 0.03247353062348308, 0.02651472208560256, 0.017330879372302984, 0.021725441107729507, 0.01743758597618793, 0.01252258822719185, 0.029054508436110616, 0.016565749005869268, 0.048823099694393704, 0.07350695821118301, 0.10493392637790351, 0.08351942458068379, 0.06508896088295259, 0.05686716297811605, 0.020705378165988594, 0.018458268275711134, 0.03410205004757929, 0.05038860212779372, 0.05669592125232018, 0.09672543831632187, 0.14537664338582296, 0.17662913111493483, 0.21631867813941144, 0.26014272741115024, 0.3106707112910549, 0.34332874218046605, 0.38145787423962907, 0.34211308988513867, 0.32958626801404134, 0.315783036125786, 0.3002141152742108, 0.2835879998638497, 0.27147763414125126], "End values LTO": [-33.64222117667106, -32.36960384523128, -34.63958488070668, -36.40317112504564, -34.0661723456401, -34.5425244431118, -34.18074133149607, -32.892830946651415, -35.31019582808224, -32.997976345102025, -34.727780353305114, -34.637368733580516, -36.12376501095463, -33.328637361449005, -32.38111061135483, -35.61795149508785, -34.085084578947345, -35.337135771771855, -37.55336953814487, -37.80882144103005, -32.83653869215181, -32.080570551299644, -34.14425441170047, -35.82600966290814, -27.617781176205675]}