{"Average costs LTO": [-2.7366502449991974, -7.706499364144222, -12.333247953584191, -15.294780735814358, -17.512228583969346, -18.518530915694164, -20.04418197872963, -21.307437932780378, -22.332945160462483, -23.586619382668147, -23.922741819578963, -25.10364974008876, -25.703426155629128, -25.980277386821122, -26.399440175127612, -26.947947695538033, -27.54189618246051, -28.116641576197885, -28.25169204891397, -28.55225742215318, -29.191507487746403, -29.330397668242767, -29.445004909516165, -29.774984880003068, -29.985996219230827, -30.195068044462563, -30.47632216823135, -30.556144008640782, -30.601794131312168, -30.859655276827194, -31.142560153669262, -31.351810174157936, -31.438685660374595, -31.457392481721303, -31.595932262506544, -31.663513002309468, -31.744180722459006, -31.864582351985984, -31.993240955104994, -32.17522101065093, -32.22363176292799, -32.224684192652305, -32.232107381765545, -32.39820166248144, -32.440738950782055, -32.576270035089024, -32.637532680096214, -32.687517770579184, -32.77969449067751, -32.974686632020834], "Sigma LTO": [0.5, 0.30236363410949707, 0.31384601950645447, 0.3171725058555603, 0.3205079364776611, 0.32032861351966857, 0.32028637290000916, 0.32266984939575194, 0.32572526931762696, 0.3286044383049011, 0.32859118580818175, 0.32919074177742, 0.33079766631126406, 0.330473016500473, 0.329778436422348, 0.33162699818611147, 0.32684956192970277, 0.32321539759635926, 0.31744499325752257, 0.3154734337329865, 0.31105305790901183, 0.3035084342956543, 0.3047391104698181, 0.3007730746269226, 0.29510857582092287, 0.2981534445285797, 0.29996572494506835, 0.3061108362674713, 0.29374767422676085, 0.2798660695552826, 0.2750083065032959, 0.26779410243034363, 0.26764834761619566, 0.2731994163990021, 0.2742083406448364, 0.2769072186946869, 0.28732388854026797, 0.30243237972259523, 0.31274020195007324, 0.3212677186727524, 0.3350347429513931, 0.3494768214225769, 0.3576175719499588, 0.3573994117975235, 0.33975194036960604, 0.33114182233810424, 0.3232048273086548, 0.3147791063785553, 0.30869199395179747, 0.30295870184898377], "Std costs LTO": [5.819817070460661, 5.391702593863291, 4.040365248636887, 3.2835478603942927, 4.0288475533060675, 4.236750920147205, 4.269202895621107, 4.495885898723805, 4.235049452631452, 4.034244308971618, 3.967227423342266, 3.904844341394051, 3.9160830193784144, 4.066378647699432, 3.9638931296314674, 3.502456672203897, 3.276223420565105, 3.2104591372326796, 3.312408890300159, 2.8913225354695324, 2.8698297812891465, 2.8614015725128272, 2.8873563984878827, 2.70033750249147, 2.45642621477969, 2.3357297649596753, 2.0663308977112314, 1.9953926845990038, 2.0122555807620004, 1.9770533805903958, 1.9207762678475702, 1.891423383889795, 1.9189325309638245, 1.9154110853975759, 1.8477751662766695, 1.8174585249602064, 1.7634587536922899, 1.8573357752479942, 1.9051617029685477, 1.9044009078612163, 1.9146457525676102, 1.9163800137996583, 1.9198724185083982, 2.02937501501014, 2.0126387795009757, 1.9934321139442122, 1.9802132784685822, 1.9479723367886923, 1.9242532562439543, 1.8906785446999397], "Std Sigma LTO": [0.0, 0.0, 0.0015460052906418704, 0.0020267093190364325, 0.002943395710635391, 0.004653306048988895, 0.003926766922351306, 0.0027390842281418753, 0.0032606795360747643, 0.01396153090301623, 0.015015578251546141, 0.012056462763517569, 0.01557858572601478, 0.023481967488843965, 0.02250050134728, 0.03575442902203685, 0.0327993418186625, 0.03247353062348308, 0.02651472208560256, 0.017330879372302984, 0.021725441107729507, 0.01743758597618793, 0.01252258822719185, 0.029054508436110616, 0.016565749005869268, 0.048823099694393704, 0.07350695821118301, 0.10493392637790351, 0.08351942458068379, 0.06508896088295259, 0.05686716297811605, 0.020705378165988594, 0.018458268275711134, 0.03410205004757929, 0.05038860212779372, 0.05669592125232018, 0.09672543831632187, 0.14537664338582296, 0.17662913111493483, 0.21631867813941144, 0.26014272741115024, 0.3106707112910549, 0.34332874218046605, 0.38145787423962907, 0.34211308988513867, 0.32958626801404134, 0.315783036125786, 0.3002141152742108, 0.2835879998638497, 0.27147763414125126], "End values LTO": [-34.106441774966136, -30.80391702340515, -29.017776495341714, -34.30029461299199, -30.125015632844516, -33.07432600944631, -35.581332051308905, -32.24977772013294, -31.695717171063848, -33.93698295314473, -35.01984534099975, -31.562328150765307, -34.90633591730849, -35.439659435680966, -30.30504585138582, -35.3938183929199, -32.55508298002024, -29.418574557032436, -31.999025049127283, -33.595285989109016, -33.97805052643714, -34.60201769693844, -33.71454774448008, -33.6980355697537, -33.287931153916]}