{"Average costs LTO": [903.4870775613566, 827.9664763120861, 753.450006460705, 683.2706100583106, 621.401563574946, 560.0002336268427, 491.1424243860249, 436.45858117698924, 393.0917077707649, 344.2501257950277, 317.3690523536707, 268.8459797765552, 242.47532375613216, 216.1780667640205, 193.04004069932117, 170.87354333403252, 152.4521268624593, 136.1257647461146, 119.66201409547817, 110.83574070436003, 96.44177995311915, 83.35803310385829, 74.22971518574866, 66.25666171334703, 56.60577621861255, 52.13549747526258, 46.19800544698969, 41.72041976491251, 36.81415959631785, 34.70109319022665, 31.28495678771079, 26.953072161917607, 23.599698678232, 20.723746292426313, 18.468362590866015, 18.20948264226785, 16.1278815564377, 14.257660269073531, 13.625206811737817, 11.678787839548017, 10.52932325460355, 9.3479696823775, 8.404961587513066, 7.76026386209301, 6.029662219643557, 5.053768695695515, 3.9712481881472446, 2.8801631151776643, 2.8801631151776643, 2.734927861908071], "Sigma LTO": [0.5, 0.30236363410949707, 0.31281524658203125, 0.31562445282936097, 0.31877652049064636, 0.31943981528282167, 0.32004921793937685, 0.32177809596061707, 0.3239838886260986, 0.32588925123214724, 0.3271524822711945, 0.32837306380271913, 0.3293319809436798, 0.32821966528892516, 0.3281763422489166, 0.3272015941143036, 0.32512020349502563, 0.3222970259189606, 0.3195264601707459, 0.3164755964279175, 0.31248788595199584, 0.30797200322151186, 0.30327878475189207, 0.2984326112270355, 0.2932045876979828, 0.2873683428764343, 0.2813409233093262, 0.2746699047088623, 0.2676150941848755, 0.26191067695617676, 0.2597501873970032, 0.259098117351532, 0.25794466614723205, 0.25628506660461425, 0.2547992181777954, 0.2532452094554901, 0.25223698019981383, 0.250060470700264, 0.24893476724624633, 0.2477496075630188, 0.24654971063137054, 0.24442979753017424, 0.2447976452112198, 0.24357595205307006, 0.24347765803337096, 0.24324818730354308, 0.2431138998270035, 0.24292780816555024, 0.24283334732055664, 0.24244992196559906], "Std costs LTO": [82.0586995247815, 69.04634481009198, 76.2027560621716, 90.12834874910635, 88.32949262801104, 91.42314676493865, 89.84202454198291, 106.55679296529433, 99.92786097526574, 101.15021635109485, 99.13982284031117, 94.26892189052568, 87.58211210202067, 81.12709894793343, 74.57196140569081, 72.63410944838803, 61.346791838477415, 57.49105118397891, 49.634789125416, 44.91453405857554, 38.95897346321219, 35.08045530318566, 30.619925473388022, 30.123449743015478, 29.071610929755728, 26.556374230903085, 22.07449821881202, 19.484726866437114, 16.23275888636247, 17.800001969416968, 14.441914367714327, 13.471975777496557, 13.148961223300077, 12.781231061215962, 12.666615601939395, 12.875289910320936, 11.389054347482869, 9.97329587917542, 11.428941519160206, 12.177065923349543, 12.030090292587644, 11.90010356076137, 12.115113059756771, 11.748186230349653, 10.282368388417463, 10.101855607577795, 9.176054461800865, 9.763624230433539, 9.763624230433539, 9.731392487786477], "Std Sigma LTO": [0.0, 0.0, 0.0022470917752118527, 0.0013247068548821485, 0.001341864947067778, 0.0010133614591744092, 0.0012390995179900185, 0.0011356293656070724, 0.0011184781928192085, 0.0011148086374616886, 0.0009356397034302434, 0.0012349991121723464, 0.0014048636499685086, 0.0014259383431148545, 0.0012872751459662012, 0.001577523493064286, 0.001584062088151455, 0.0015904026890930605, 0.0015601639100719506, 0.0013798252520328786, 0.0015068408253279184, 0.0015155952848156854, 0.0015108929536209903, 0.0017173410842909833, 0.001453787140287509, 0.0013045046818739722, 0.001789251812335356, 0.001543607398668628, 0.0018491861773688577, 0.00200166430941257, 0.0020316499973843613, 0.0020568151764582326, 0.0020783507192341285, 0.0014287952557145932, 0.001563070904226152, 0.0015905157961841648, 0.0016130974307239808, 0.0014607397267131185, 0.0018806390695321393, 0.0016089073432448916, 0.0016373276601747801, 0.0013966193383289623, 0.0015601291677446857, 0.0014280281386166043, 0.001401893600157467, 0.0012046381931367681, 0.001247632739806643, 0.0012394524303411957, 0.0014046293150215068, 0.0016249966282053945], "End values LTO": [3.5331335143314746, 7.626801280571009, -6.583899837303079, 4.279374805585775, 10.250273802400038, 13.680942791250637, 5.824814923568816, 17.794526826952612, -0.5979902680385862, 2.728099560948344, 17.3996623335946, 11.899380543083211, -18.593773177073793, -0.45033345665065383, -9.255950984024501, 15.929055953828161, -8.526515910546031, 4.737046271226397, -0.47735255663264553, 6.0259863924614905, -14.411994241475398, 4.40252989698309, 7.676846667021046, -13.332204816914299, 6.814736232554061]}