{"Average costs LTO": [939.6813416189162, 839.8581800277593, 731.5838457976781, 641.1065710919693, 558.50678092169, 486.9303516552973, 439.51236197415415, 423.88296901061125, 393.6537942510645, 351.9339418392564, 325.9975871428984, 297.92314637133177, 267.53343277166107, 259.76397798004217, 244.58437022476653, 225.33344280909557, 209.5210639751394, 203.22490535535923, 180.93306898364196, 175.22211520446723, 155.05491684208323, 137.26445610209373, 120.32700173604393, 111.06584505848586, 96.92433940043858, 89.11004973041281, 82.7771251693603, 72.29436928980854, 64.36585610523053, 53.99173993233955, 50.54647895094494, 37.987750505619246, 34.501275621341556, 31.546320679799123, 24.831304674187848, 21.88471659283599, 16.360398574196857, 14.398649732036235, 8.945482930429698, 2.2580327879877844, -0.6651819746632441, -4.098153538165914, -8.27860826394687, -9.694181838704854, -11.250111846841266, -14.367039348812828, -16.345742516327892, -17.615587417194018, -19.731360078106185, -22.16946508212955], "Sigma LTO": [0.5, 0.30236363410949707, 0.31281524658203125, 0.31562445282936097, 0.31877652049064636, 0.31943981528282167, 0.32004921793937685, 0.32177809596061707, 0.3239838886260986, 0.32588925123214724, 0.3271524822711945, 0.32837306380271913, 0.3293319809436798, 0.32821966528892516, 0.3281763422489166, 0.3272015941143036, 0.32512020349502563, 0.3222970259189606, 0.3195264601707459, 0.3164755964279175, 0.31248788595199584, 0.30797200322151186, 0.30327878475189207, 0.2984326112270355, 0.2932045876979828, 0.2873683428764343, 0.2813409233093262, 0.2746699047088623, 0.2676150941848755, 0.26191067695617676, 0.2597501873970032, 0.259098117351532, 0.25794466614723205, 0.25628506660461425, 0.2547992181777954, 0.2532452094554901, 0.25223698019981383, 0.250060470700264, 0.24893476724624633, 0.2477496075630188, 0.24654971063137054, 0.24442979753017424, 0.2447976452112198, 0.24357595205307006, 0.24347765803337096, 0.24324818730354308, 0.2431138998270035, 0.24292780816555024, 0.24283334732055664, 0.24244992196559906], "Std costs LTO": [70.46020813258428, 43.97140419823516, 82.88918470646524, 84.80379368263306, 73.38178652321565, 85.39523968036379, 93.86798485373663, 97.6926910754115, 97.70181883874238, 83.46482729765671, 86.76098757198568, 85.8061835157935, 83.77017111694165, 80.85027993844662, 79.63068896335531, 66.89695565454727, 68.13629165180164, 66.83586681156527, 52.248118442680536, 51.804879819129845, 49.411342707728835, 54.55899357422064, 51.28100189835122, 49.310540401060464, 40.66751506966363, 43.66604416710796, 41.106096003256475, 37.922483164574324, 34.237319331494305, 31.278515292349773, 32.45360749125805, 24.19131359852761, 21.80484655305169, 21.274945681133335, 21.605063216424764, 23.014188098594015, 21.868791618288526, 21.05565026064413, 21.762332858287753, 20.108108261424118, 19.324701879413315, 17.377729710924893, 15.159578132951532, 15.62970403094066, 15.505962279767576, 14.406019688067326, 14.40575460351492, 13.895112363395906, 11.290526702791853, 10.755205150511113], "Std Sigma LTO": [0.0, 0.0, 0.0022470917752118527, 0.0013247068548821485, 0.001341864947067778, 0.0010133614591744092, 0.0012390995179900185, 0.0011356293656070724, 0.0011184781928192085, 0.0011148086374616886, 0.0009356397034302434, 0.0012349991121723464, 0.0014048636499685086, 0.0014259383431148545, 0.0012872751459662012, 0.001577523493064286, 0.001584062088151455, 0.0015904026890930605, 0.0015601639100719506, 0.0013798252520328786, 0.0015068408253279184, 0.0015155952848156854, 0.0015108929536209903, 0.0017173410842909833, 0.001453787140287509, 0.0013045046818739722, 0.001789251812335356, 0.001543607398668628, 0.0018491861773688577, 0.00200166430941257, 0.0020316499973843613, 0.0020568151764582326, 0.0020783507192341285, 0.0014287952557145932, 0.001563070904226152, 0.0015905157961841648, 0.0016130974307239808, 0.0014607397267131185, 0.0018806390695321393, 0.0016089073432448916, 0.0016373276601747801, 0.0013966193383289623, 0.0015601291677446857, 0.0014280281386166043, 0.001401893600157467, 0.0012046381931367681, 0.001247632739806643, 0.0012394524303411957, 0.0014046293150215068, 0.0016249966282053945], "End values LTO": [-11.654290955558423, -19.26547301889839, -32.11538827456175, -28.164852113072165, -27.09294816562785, -14.538099289260153, -2.5187992487264665, -15.682240199292998, -28.7704212227064, -21.078269285075017, -1.169129502472046, -28.46903607754379, -36.35931609544182, -13.110584277398225, -15.635843707921552, -8.274865065008818, -26.559562909199, -33.875540266206656, -38.015972168253, -9.462108347154604, -14.76039740166874, -39.39012756094937, -29.730670016883913, -27.809887793720694, -30.732804090636968]}