{"Average costs LTO": [702.7598030747785, 510.7013913062393, 364.1202870047771, 220.63786506278007, 121.11061149787662, 66.72501059389236, 21.658634743520967, -3.85536887063146, -23.188044996691296, -31.61046659865544, -36.762885440392836, -40.53885420428739, -45.53092197371816, -48.4123928094208, -53.18604540512332, -55.334824760594145, -56.12436007846073, -58.474430957186954, -60.206914379764704, -60.58804030623941, -62.84139637342502, -63.463011174117426, -64.05031954479934, -65.11435184107359, -67.07880218724256, -68.65935185464048, -68.88985992940208, -69.83270095662343, -71.13131337569673, -72.03787538661362, -72.60038507588033, -73.11222828017667, -73.95925965948577, -74.0722166858699, -75.05863312559799, -75.64575430819318, -76.20431791615552, -76.5363247729646, -76.96950549781867, -77.33140475639239, -77.62764014905696, -77.89046997174073, -77.99503261665421, -78.11926823661868, -78.57923229712256, -78.72420116830581, -78.92822411661683, -79.19050770958414, -79.31022708395372, -79.49392290170087], "Sigma LTO": [0.5, 0.30236363410949707, 0.31248772382736206, 0.315193167924881, 0.319075049161911, 0.3196138608455658, 0.32015657544136045, 0.32191125631332396, 0.32446295619010923, 0.3268147492408752, 0.3277143132686615, 0.3294805335998535, 0.3306410801410675, 0.3301647627353668, 0.32983401775360105, 0.3282099509239197, 0.3261638295650482, 0.3230135464668274, 0.3206441569328308, 0.317693030834198, 0.31106152057647707, 0.30685574412345884, 0.3026189196109772, 0.2958524656295776, 0.29259371280670166, 0.2856882178783417, 0.27998313546180725, 0.2733586585521698, 0.267235723733902, 0.2654071271419525, 0.264931480884552, 0.2629674732685089, 0.26233518838882447, 0.2612529540061951, 0.2605249857902527, 0.25957702100276947, 0.2568411839008331, 0.2551895081996918, 0.2548260021209717, 0.2550487357378006, 0.2547167181968689, 0.25515272438526154, 0.259155877828598, 0.2704818546772003, 0.27967843532562253, 0.28836132287979127, 0.3073039537668228, 0.3316807359457016, 0.34971591889858245, 0.3700915378332138], "Std costs LTO": [91.92422730630346, 129.08075160560455, 118.22858140955606, 123.85376982232481, 96.04396417752551, 85.11973360463145, 50.93721649403606, 32.620951339463595, 29.301405818849187, 26.32621151998791, 22.092323013391663, 23.386991333187588, 20.066560726141887, 18.629456002623545, 12.240796084973873, 9.117258493610082, 9.313430830405546, 10.919818654761492, 11.010471473565172, 11.029882818304305, 10.918327196702018, 10.910317254659638, 10.993571153051, 10.534097927500396, 9.261503037103669, 8.641411170331434, 8.792295421374735, 8.678103183843671, 7.8326753663602355, 7.308412246696561, 7.030143134155708, 6.603628685849136, 6.6973021521691525, 6.728227019460231, 5.775904082029453, 5.238909715087385, 4.686326080711286, 4.504915948517685, 4.1600086557932086, 3.700923255191049, 3.6053139902475637, 3.528622897302274, 3.480281058722912, 3.5446740019765945, 3.461973327022479, 3.2875218472495034, 3.1577087254188894, 3.1675159307291945, 3.1385582704567274, 2.9288183706776776], "Std Sigma LTO": [0.0, 0.0, 0.0018223191841184954, 0.0010733892559381694, 0.0011685751933119043, 0.001011485449225106, 0.0010675615328921218, 0.0010441842212869138, 0.0011391927852121115, 0.0015558811483031992, 0.0014295045117154917, 0.0016133255373160936, 0.0023076295100725886, 0.0019231706879072332, 0.0018542114850641524, 0.0019299972928789463, 0.006297788532031757, 0.005811297608196272, 0.005557949472057873, 0.0073141285817769144, 0.013228264497996446, 0.010402330187716236, 0.013853210143298813, 0.01411273001812394, 0.012149942797330698, 0.00903113767075325, 0.009272792943113733, 0.007783540126173553, 0.005717296824441336, 0.0037877834464655857, 0.004452068365352876, 0.005777187368678996, 0.005787303897593537, 0.0036841028647567374, 0.006509871607280599, 0.00808941252531884, 0.004249765107582076, 0.004482990754127482, 0.0026522564553627622, 0.009942041569008513, 0.017326348936709618, 0.01627590702442383, 0.03802772072382545, 0.07183717675153814, 0.09461749768660643, 0.12661460253721513, 0.17909822674363368, 0.2501678834276846, 0.29805213065128433, 0.36037717754382864], "End values LTO": [-78.67307437767542, -82.08522246095595, -79.44554805320317, -79.629782148536, -82.45428063920875, -74.16658443144573, -82.20990548986317, -81.38484892807809, -79.50628145979167, -76.45985445647628, -76.7097560331867, -81.9284709693586, -82.68005084098176, -81.61611819710757, -76.68225706198362, -76.70324482911016, -80.89787822774683, -81.17898230754554, -81.81396765079376, -82.22624905056432, -81.74626930128676, -71.49862938739382, -80.68155764925937, -75.2972484185451, -79.672010172424]}