{"Average costs LTO": [652.6746476106175, 520.1145726540803, 403.4195907587775, 331.8874773324209, 249.0772233984857, 168.56433323354807, 112.19438142553393, 70.1107083621992, 37.7165507697651, 22.420846363448607, 10.124949294406164, 0.706278325530327, -9.212283772350393, -18.292957063881257, -25.899983193658954, -31.14363655058855, -36.60387643653642, -41.419371055875615, -46.840424360801634, -50.999258986550394, -55.22422995214958, -56.97157945450589, -59.69448134094779, -61.27810769099334, -64.01328795533631, -65.60680023076297, -66.69043188504483, -67.27605201673508, -68.17912079594724, -68.96025781536491, -69.9584517785406, -71.14775881238639, -72.00921496752389, -72.74046166681113, -73.60313201775743, -74.34808845967747, -74.86723764156501, -75.29348796412978, -76.3210491154636, -76.94161641406897, -77.28861682609134, -77.55269190736188, -78.26819382139993, -78.47957869808135, -78.57865760356763, -78.6871237389319, -78.84314380186748, -79.0252148892232, -79.07948814251431, -79.13224137111484], "Sigma LTO": [0.5, 0.30236363410949707, 0.31248772382736206, 0.315193167924881, 0.319075049161911, 0.3196138608455658, 0.32015657544136045, 0.32191125631332396, 0.32446295619010923, 0.3268147492408752, 0.3277143132686615, 0.3294805335998535, 0.3306410801410675, 0.3301647627353668, 0.32983401775360105, 0.3282099509239197, 0.3261638295650482, 0.3230135464668274, 0.3206441569328308, 0.317693030834198, 0.31106152057647707, 0.30685574412345884, 0.3026189196109772, 0.2958524656295776, 0.29259371280670166, 0.2856882178783417, 0.27998313546180725, 0.2733586585521698, 0.267235723733902, 0.2654071271419525, 0.264931480884552, 0.2629674732685089, 0.26233518838882447, 0.2612529540061951, 0.2605249857902527, 0.25957702100276947, 0.2568411839008331, 0.2551895081996918, 0.2548260021209717, 0.2550487357378006, 0.2547167181968689, 0.25515272438526154, 0.259155877828598, 0.2704818546772003, 0.27967843532562253, 0.28836132287979127, 0.3073039537668228, 0.3316807359457016, 0.34971591889858245, 0.3700915378332138], "Std costs LTO": [118.35633487025544, 83.18323008693686, 96.39850773845201, 92.28721639425446, 87.96864112514434, 70.98705818481616, 62.42074001911839, 58.43416441304288, 49.18109230667247, 43.07731390289652, 35.35345677591113, 29.4142274604955, 30.08694528512594, 26.429175185570273, 26.85135011654454, 27.6111598109478, 25.598982136296247, 25.366171388977122, 24.24851899623946, 21.836406361350207, 20.305688347688577, 20.720880453179806, 18.319143630071654, 18.344909052085843, 15.027358866472618, 14.5746540314544, 13.888033446924567, 13.463500589891154, 11.735948145795588, 11.165527377382586, 10.369868149964944, 8.471078330644593, 7.863338606801442, 6.806595001435276, 6.19799093024294, 5.762717947486395, 5.175048296155316, 5.100726364045631, 4.197932483765549, 3.747715085336949, 3.254636789977909, 3.1188084366933335, 2.2434759303087106, 2.232986166595862, 2.1214691752726647, 2.1479457737412972, 2.251937815904705, 2.2048621421716947, 2.2275206724201606, 2.158119795519608], "Std Sigma LTO": [0.0, 0.0, 0.0018223191841184954, 0.0010733892559381694, 0.0011685751933119043, 0.001011485449225106, 0.0010675615328921218, 0.0010441842212869138, 0.0011391927852121115, 0.0015558811483031992, 0.0014295045117154917, 0.0016133255373160936, 0.0023076295100725886, 0.0019231706879072332, 0.0018542114850641524, 0.0019299972928789463, 0.006297788532031757, 0.005811297608196272, 0.005557949472057873, 0.0073141285817769144, 0.013228264497996446, 0.010402330187716236, 0.013853210143298813, 0.01411273001812394, 0.012149942797330698, 0.00903113767075325, 0.009272792943113733, 0.007783540126173553, 0.005717296824441336, 0.0037877834464655857, 0.004452068365352876, 0.005777187368678996, 0.005787303897593537, 0.0036841028647567374, 0.006509871607280599, 0.00808941252531884, 0.004249765107582076, 0.004482990754127482, 0.0026522564553627622, 0.009942041569008513, 0.017326348936709618, 0.01627590702442383, 0.03802772072382545, 0.07183717675153814, 0.09461749768660643, 0.12661460253721513, 0.17909822674363368, 0.2501678834276846, 0.29805213065128433, 0.36037717754382864], "End values LTO": [-78.92513843947978, -80.64931645396405, -81.23925352207895, -82.42468026632146, -79.9859633543925, -80.56307964984175, -80.51835820797977, -81.78091041504392, -78.60799567984941, -78.22750144922414, -81.03452751872626, -78.8504601312079, -79.28498240847726, -76.58267673153162, -76.88417300736174, -74.11815690203636, -82.00958722532079, -78.30323862480851, -75.90563209288821, -79.54170726406608, -80.08211534992088, -79.55112582270462, -81.18373779114725, -76.88010598069268, -75.17160998880553]}